,19.30% FGN APR 2029,19.89% FGN MAY 2033,source_file,auction_month,18.50% FGN FEB 2031,DESCRIPTION,17.95% FGN JUN 2032,19.00% FGN FEB 2034,16.2884% FGN MAR 2027,14.55% FGN APR 2029,14.70% FGN JUN 2033,15.45% FGN JUN 2038,22.60% FGN JAN 2035,19.300% FGN APR 2029,17.945% FGN AUG 2030,15.70% FGN JUN 2053,19.94% FGN MAR 2027
Auction Date:,"April 28, 2025","April 28, 2025",Summary of Auction Results for April 2025.pdf,2025-04-01,,,,,,,,,,,,,
Settlement Date:,"April 30, 2025","April 30, 2025",Summary of Auction Results for April 2025.pdf,2025-04-01,,,,,,,,,,,,,
Maturity Date:,"April 17, 2029","May 15, 2033",Summary of Auction Results for April 2025.pdf,2025-04-01,,,,,,,,,,,,,
Tenors:,5-Year,9-Year,Summary of Auction Results for April 2025.pdf,2025-04-01,,,,,,,,,,,,,
Term-To-Maturity:,4 Years,"8 Years, 1 Month",Summary of Auction Results for April 2025.pdf,2025-04-01,,,,,,,,,,,,,
Amount Offered:,₦200 billion,₦150 billion,Summary of Auction Results for April 2025.pdf,2025-04-01,,,,,,,,,,,,,
Total Bids:,35,189,Summary of Auction Results for April 2025.pdf,2025-04-01,,,,,,,,,,,,,
Successful Bids:,13,137,Summary of Auction Results for April 2025.pdf,2025-04-01,,,,,,,,,,,,,
Subscription:,₦43.791 billion,₦452.161 billion,Summary of Auction Results for April 2025.pdf,2025-04-01,,,,,,,,,,,,,
Amount Allotted:,₦21.127 billion,₦376.771 billion,Summary of Auction Results for April 2025.pdf,2025-04-01,,,,,,,,,,,,,
Non-Competitive Allotment:,₦50.000 billion,₦73.000 billion,Summary of Auction Results for April 2025.pdf,2025-04-01,,,,,,,,,,,,,
Range of Bids:,18.0000% - 20.5000%,17.0000% - 21.4800%,Summary of Auction Results for April 2025.pdf,2025-04-01,,,,,,,,,,,,,
Marginal Rates:,19.0000%,19.9900%,Summary of Auction Results for April 2025.pdf,2025-04-01,,,,,,,,,,,,,
Auction Date:,"December 16, 2024",,Summary of Auction Results for December 2024.pdf,2024-12-01,"December 16, 2024",,,,,,,,,,,,
Settlement Date:,"December 18, 2024",,Summary of Auction Results for December 2024.pdf,2024-12-01,"December 18, 2024",,,,,,,,,,,,
Maturity Date:,"April 17, 2029",,Summary of Auction Results for December 2024.pdf,2024-12-01,"February 21, 2031",,,,,,,,,,,,
Tenors:,5-Year,,Summary of Auction Results for December 2024.pdf,2024-12-01,7-Year,,,,,,,,,,,,
Term-To-Maturity:,"4 Years, 4 Months",,Summary of Auction Results for December 2024.pdf,2024-12-01,"6 Years, 2 Months",,,,,,,,,,,,
Amount Offered:,₦60 billion,,Summary of Auction Results for December 2024.pdf,2024-12-01,₦60 billion,,,,,,,,,,,,
Total Bids:,44,,Summary of Auction Results for December 2024.pdf,2024-12-01,116,,,,,,,,,,,,
Successful Bids:,30,,Summary of Auction Results for December 2024.pdf,2024-12-01,68,,,,,,,,,,,,
Subscription:,₦67.457 billion,,Summary of Auction Results for December 2024.pdf,2024-12-01,₦211.363 billion,,,,,,,,,,,,
Amount Allotted:,₦51.857 billion,,Summary of Auction Results for December 2024.pdf,2024-12-01,₦159.287 billion,,,,,,,,,,,,
Range of Bids:,19.3000% - 22.1400%,,Summary of Auction Results for December 2024.pdf,2024-12-01,19.0000% - 24.0000%,,,,,,,,,,,,
Marginal Rates:,21.1400%,,Summary of Auction Results for December 2024.pdf,2024-12-01,22.0000%,,,,,,,,,,,,
,,"February 23, 2026",Summary of Auction Results for February 2026.pdf,2026-02-01,,Auction Date:,"February 23, 2026","February 23, 2026",,,,,,,,,
,,"February 25, 2026",Summary of Auction Results for February 2026.pdf,2026-02-01,,Settlement Date:,"February 25, 2026","February 25, 2026",,,,,,,,,
,,"May 15, 2033",Summary of Auction Results for February 2026.pdf,2026-02-01,,Maturity Date:,"June 25, 2032","February 21, 2034",,,,,,,,,
,,9-Year,Summary of Auction Results for February 2026.pdf,2026-02-01,,Tenors:,7-Year,10-Year,,,,,,,,,
,,"7 Years, 3 Months",Summary of Auction Results for February 2026.pdf,2026-02-01,,Term-To-Maturity:,"6 Years, 4 Months",8 Years,,,,,,,,,
,,₦300.00 billion,Summary of Auction Results for February 2026.pdf,2026-02-01,,Amount Offered:,₦400.00 billion,₦100.00 billion,,,,,,,,,
,,268,Summary of Auction Results for February 2026.pdf,2026-02-01,,Total Bids:,184,287,,,,,,,,,
,,59,Summary of Auction Results for February 2026.pdf,2026-02-01,,Successful Bids:,39,47,,,,,,,,,
,,₦874.69 billion,Summary of Auction Results for February 2026.pdf,2026-02-01,,Subscription:,₦851.59 billion,₦972.93 billion,,,,,,,,,
,,₦208.63 billion,Summary of Auction Results for February 2026.pdf,2026-02-01,,Amount Allotted:,₦188.14 billion,₦127.51 billion,,,,,,,,,
,,14.9500% - 20.0350%,Summary of Auction Results for February 2026.pdf,2026-02-01,,Range of Bids:,14.9000% - 20.0000%,14.9500% - 20.0000%,,,,,,,,,
,,15.7400%,Summary of Auction Results for February 2026.pdf,2026-02-01,,Marginal Rates:,15.7400%,15.5000%,,,,,,,,,
Auction Date:,,,Summary of Auction Results for January 2024.pdf,2024-01-01,,,,,"January 29, 2024","January 29, 2024","January 29, 2024","January 29, 2024",,,,,
Settlement Date:,,,Summary of Auction Results for January 2024.pdf,2024-01-01,,,,,"January 31, 2024","January 31, 2024","January 31, 2024","January 31, 2024",,,,,
Maturity Date:,,,Summary of Auction Results for January 2024.pdf,2024-01-01,,,,,"March 17, 2027","April 26, 2029","June 21, 2033","June 21, 2038",,,,,
Tenors:,,,Summary of Auction Results for January 2024.pdf,2024-01-01,,,,,10-Year,10-Year,10-Year,15-Year,,,,,
Term-To-Maturity:,,,Summary of Auction Results for January 2024.pdf,2024-01-01,,,,,"3 Years, 2 Months","5 Years, 3 Months","9 Years, 5 Months","14 Years, 5 Months",,,,,
Amount Offered:,,,Summary of Auction Results for January 2024.pdf,2024-01-01,,,,,₦90.00 billion,₦90.00 billion,₦90.00 billion,₦90.00 billion,,,,,
Total Bids:,,,Summary of Auction Results for January 2024.pdf,2024-01-01,,,,,78,43,71,241,,,,,
Successful Bids:,,,Summary of Auction Results for January 2024.pdf,2024-01-01,,,,,65,34,57,206,,,,,
Subscription:,,,Summary of Auction Results for January 2024.pdf,2024-01-01,,,,,₦166.997 billion,₦56.839 billion,₦68.846 billion,₦311.875 billion,,,,,
Amount Allotted:,,,Summary of Auction Results for January 2024.pdf,2024-01-01,,,,,₦86.187billion,₦21.939 billion,₦43.346 billion,₦266.725 billion,,,,,
Range of Bids:,,,Summary of Auction Results for January 2024.pdf,2024-01-01,,,,,12.0000% - 18.5000%,12.5000% - 18.0000%,13.5000% - 17.9700%,15.7000% - 18.5000%,,,,,
Marginal Rates:,,,Summary of Auction Results for January 2024.pdf,2024-01-01,,,,,15.0000%,15.5000%,16.0000%,16.5000%,,,,,
,,,Summary of Auction Results for January 2026.pdf,2026-01-01,"January 26, 2026",Auction Date:,,"January 26, 2026",,,,,"January 26, 2026",,,,
,,,Summary of Auction Results for January 2026.pdf,2026-01-01,"January 28, 2026",Settlement Date:,,"January 28, 2026",,,,,"January 28, 2026",,,,
,,,Summary of Auction Results for January 2026.pdf,2026-01-01,"February 21, 2031",Maturity Date:,,"February 21, 2034",,,,,"January 29, 2035",,,,
,,,Summary of Auction Results for January 2026.pdf,2026-01-01,7-Year,Tenors:,,10-Year,,,,,10-Year,,,,
,,,Summary of Auction Results for January 2026.pdf,2026-01-01,"5 Years, 1 Month",Term-To-Maturity:,,"8 Years, 1 Month",,,,,9 Years,,,,
,,,Summary of Auction Results for January 2026.pdf,2026-01-01,₦300.00 billion,Amount Offered:,,₦400.00 billion,,,,,₦200.00 billion,,,,
,,,Summary of Auction Results for January 2026.pdf,2026-01-01,124,Total Bids:,,256,,,,,335,,,,
,,,Summary of Auction Results for January 2026.pdf,2026-01-01,88,Successful Bids:,,144,,,,,176,,,,
,,,Summary of Auction Results for January 2026.pdf,2026-01-01,₦514.45 billion,Subscription:,,"₦1,006.86 billion",,,,,₦731.399 billion,,,,
,,,Summary of Auction Results for January 2026.pdf,2026-01-01,₦398.19 billion,Amount Allotted:,,₦576.33 billion,,,,,₦570.16 billion,,,,
,,,Summary of Auction Results for January 2026.pdf,2026-01-01,₦17.50 billion,Non-Competitive Allotment:,,₦113.22 billion,,,,,-,,,,
,,,Summary of Auction Results for January 2026.pdf,2026-01-01,15.8500% - 18.5000%,Range of Bids:,,16.0000% - 19.4000%,,,,,16.0000% - 25.9000%,,,,
,,,Summary of Auction Results for January 2026.pdf,2026-01-01,17.6200%,Marginal Rates:,,17.5000%,,,,,17.5200%,,,,
Auction Date:,,"June 24, 2024",Summary of Auction Results for June 2024.pdf,2024-06-01,"June 24, 2024",,,,,,,,,"June 24, 2024",,,
Settlement Date:,,"June 26, 2024",Summary of Auction Results for June 2024.pdf,2024-06-01,"June 26, 2024",,,,,,,,,"June 26, 2024",,,
Maturity Date:,,"May 15, 2033",Summary of Auction Results for June 2024.pdf,2024-06-01,"February 21, 2031",,,,,,,,,"April 17, 2029",,,
Tenors:,,9-Year,Summary of Auction Results for June 2024.pdf,2024-06-01,7-Year,,,,,,,,,5-Year,,,
Term-To-Maturity:,,"8 Years, 11 Months",Summary of Auction Results for June 2024.pdf,2024-06-01,"6 Years, 8 Months",,,,,,,,,"4 Years, 10 Months",,,
Amount Offered:,,₦150 billion,Summary of Auction Results for June 2024.pdf,2024-06-01,₦150 billion,,,,,,,,,₦150 billion,,,
Total Bids:,,159,Summary of Auction Results for June 2024.pdf,2024-06-01,49,,,,,,,,,37,,,
Successful Bids:,,158,Summary of Auction Results for June 2024.pdf,2024-06-01,40,,,,,,,,,36,,,
Subscription:,,₦229.549 billion,Summary of Auction Results for June 2024.pdf,2024-06-01,₦53.483 billion,,,,,,,,,₦22.225 billion,,,
Amount Allotted:,,₦229.498 billion,Summary of Auction Results for June 2024.pdf,2024-06-01,₦45.383 billion,,,,,,,,,₦22.125 billion,,,
Range of Bids:,,17.5000% - 23.0000%,Summary of Auction Results for June 2024.pdf,2024-06-01,16.0000% - 20.5900%,,,,,,,,,18.5000% - 20.0000%,,,
Marginal Rates:,,21.5000%,Summary of Auction Results for June 2024.pdf,2024-06-01,20.1900%,,,,,,,,,19.6400%,,,
Auction Date:,"June 23, 2025",,Summary of Auction Results for June 2025.pdf,2025-06-01,,,"June 23, 2025",,,,,,,,,,
Settlement Date:,"June 25, 2025",,Summary of Auction Results for June 2025.pdf,2025-06-01,,,"June 25, 2025",,,,,,,,,,
Maturity Date:,"April 17, 2029",,Summary of Auction Results for June 2025.pdf,2025-06-01,,,"June 25, 2032",,,,,,,,,,
Tenors:,5-Year,,Summary of Auction Results for June 2025.pdf,2025-06-01,,,7-Year,,,,,,,,,,
Term-To-Maturity:,"3 Years, 10 Months",,Summary of Auction Results for June 2025.pdf,2025-06-01,,,7 Years,,,,,,,,,,
Amount Offered:,₦50 billion,,Summary of Auction Results for June 2025.pdf,2025-06-01,,,₦50 billion,,,,,,,,,,
Total Bids:,30,,Summary of Auction Results for June 2025.pdf,2025-06-01,,,209,,,,,,,,,,
Successful Bids:,2,,Summary of Auction Results for June 2025.pdf,2025-06-01,,,41,,,,,,,,,,
Subscription:,₦41.685 billion,,Summary of Auction Results for June 2025.pdf,2025-06-01,,,₦561.170 billion,,,,,,,,,,
Amount Allotted:,₦1.050 billion,,Summary of Auction Results for June 2025.pdf,2025-06-01,,,₦98.950 billion,,,,,,,,,,
Range of Bids:,17.0000% - 19.5000%,,Summary of Auction Results for June 2025.pdf,2025-06-01,,,15.0000% - 20.0000%,,,,,,,,,,
Marginal Rates:,17.7500%,,Summary of Auction Results for June 2025.pdf,2025-06-01,,,17.9500%,,,,,,,,,,
Auction Date:,"March 24, 2025","March 24, 2025",Summary of Auction Results for March 2025.pdf,2025-03-01,,,,,,,,,,,,,
Settlement Date:,"March 26, 2025","March 26, 2025",Summary of Auction Results for March 2025.pdf,2025-03-01,,,,,,,,,,,,,
Maturity Date:,"April 17, 2029","May 15, 2033",Summary of Auction Results for March 2025.pdf,2025-03-01,,,,,,,,,,,,,
Tenors:,5-Year,9-Year,Summary of Auction Results for March 2025.pdf,2025-03-01,,,,,,,,,,,,,
Term-To-Maturity:,"4 Years, 1 Month","8 Years, 2 Months",Summary of Auction Results for March 2025.pdf,2025-03-01,,,,,,,,,,,,,
Amount Offered:,₦200 billion,₦100 billion,Summary of Auction Results for March 2025.pdf,2025-03-01,,,,,,,,,,,,,
Total Bids:,35,215,Summary of Auction Results for March 2025.pdf,2025-03-01,,,,,,,,,,,,,
Successful Bids:,3,95,Summary of Auction Results for March 2025.pdf,2025-03-01,,,,,,,,,,,,,
Subscription:,₦59.069 billion,₦471.241 billion,Summary of Auction Results for March 2025.pdf,2025-03-01,,,,,,,,,,,,,
Amount Allotted:,₦4.686 billion,₦266.542 billion,Summary of Auction Results for March 2025.pdf,2025-03-01,,,,,,,,,,,,,
Non-Competitive Allotment:,₦91.300 billion,₦61.150 billion,Summary of Auction Results for March 2025.pdf,2025-03-01,,,,,,,,,,,,,
Range of Bids:,19.0000% - 22.0000%,17.5000% - 25.0000%,Summary of Auction Results for March 2025.pdf,2025-03-01,,,,,,,,,,,,,
Marginal Rates:,19.0000%,19.9900%,Summary of Auction Results for March 2025.pdf,2025-03-01,,,,,,,,,,,,,
Auction Date:,,"May 13, 2024",Summary of Auction Results for May 2024.pdf,2024-05-01,"May 13, 2024",,,,,,,,,"May 13, 2024",,,
Settlement Date:,,"May 15, 2024",Summary of Auction Results for May 2024.pdf,2024-05-01,"May 15, 2024",,,,,,,,,"May 15, 2024",,,
Maturity Date:,,"May 15, 2033",Summary of Auction Results for May 2024.pdf,2024-05-01,"February 21, 2031",,,,,,,,,"April 17, 2029",,,
Tenors:,,9-Year,Summary of Auction Results for May 2024.pdf,2024-05-01,7-Year,,,,,,,,,5-Year,,,
Term-To-Maturity:,,9 Years,Summary of Auction Results for May 2024.pdf,2024-05-01,"6 Years, 9 Months",,,,,,,,,"4 Years, 11 Months",,,
Amount Offered:,,₦150 billion,Summary of Auction Results for May 2024.pdf,2024-05-01,₦150 billion,,,,,,,,,₦150 billion,,,
Total Bids:,,160,Summary of Auction Results for May 2024.pdf,2024-05-01,50,,,,,,,,,39,,,
Successful Bids:,,120,Summary of Auction Results for May 2024.pdf,2024-05-01,39,,,,,,,,,28,,,
Subscription:,,₦373.875 billion,Summary of Auction Results for May 2024.pdf,2024-05-01,₦76.875 billion,,,,,,,,,₦100.566 billion,,,
Amount Allotted:,,₦285.124 billion,Summary of Auction Results for May 2024.pdf,2024-05-01,₦62.975 billion,,,,,,,,,₦32.670 billion,,,
Non-Competitive Allotment:,,₦179.000 billion,Summary of Auction Results for May 2024.pdf,2024-05-01,₦85.800 billion,,,,,,,,,₦36.500 billion,,,
Range of Bids:,,16.9500% - 22.0000%,Summary of Auction Results for May 2024.pdf,2024-05-01,17.2000% - 20.8000%,,,,,,,,,17.5000% - 21.0000%,,,
Marginal Rates:,,19.8900%,Summary of Auction Results for May 2024.pdf,2024-05-01,19.7400%,,,,,,,,,19.2900%,,,
Auction Date:,"May 26, 2025","May 26, 2025",Summary of Auction Results for May 2025.pdf,2025-05-01,,,,,,,,,,,,,
Settlement Date:,"May 28, 2025","May 28, 2025",Summary of Auction Results for May 2025.pdf,2025-05-01,,,,,,,,,,,,,
Maturity Date:,"April 17, 2029","May 15, 2033",Summary of Auction Results for May 2025.pdf,2025-05-01,,,,,,,,,,,,,
Tenors:,5-Year,9-Year,Summary of Auction Results for May 2025.pdf,2025-05-01,,,,,,,,,,,,,
Term-To-Maturity:,"3 Years, 11 Months",8 Years,Summary of Auction Results for May 2025.pdf,2025-05-01,,,,,,,,,,,,,
Amount Offered:,₦100 billion,₦200 billion,Summary of Auction Results for May 2025.pdf,2025-05-01,,,,,,,,,,,,,
Total Bids:,19,141,Summary of Auction Results for May 2025.pdf,2025-05-01,,,,,,,,,,,,,
Successful Bids:,11,86,Summary of Auction Results for May 2025.pdf,2025-05-01,,,,,,,,,,,,,
Subscription:,₦16.443 billion,₦419.964 billion,Summary of Auction Results for May 2025.pdf,2025-05-01,,,,,,,,,,,,,
Amount Allotted:,₦4.705 billion,₦295.988 billion,Summary of Auction Results for May 2025.pdf,2025-05-01,,,,,,,,,,,,,
Range of Bids:,17.0000% - 20.0000%,15.0000% - 21.4300%,Summary of Auction Results for May 2025.pdf,2025-05-01,,,,,,,,,,,,,
Marginal Rates:,18.9800%,19.8490%,Summary of Auction Results for May 2025.pdf,2025-05-01,,,,,,,,,,,,,
Auction Date:,"November 18, 2024",,Summary of Auction Results for November 2024.pdf,2024-11-01,"November 18, 2024",,,,,,,,,,,,
Settlement Date:,"November 20, 2024",,Summary of Auction Results for November 2024.pdf,2024-11-01,"November 20, 2024",,,,,,,,,,,,
Maturity Date:,"April 17, 2029",,Summary of Auction Results for November 2024.pdf,2024-11-01,"February 21, 2031",,,,,,,,,,,,
Tenors:,5-Year,,Summary of Auction Results for November 2024.pdf,2024-11-01,7-Year,,,,,,,,,,,,
Term-To-Maturity:,"4 Years, 5 Months",,Summary of Auction Results for November 2024.pdf,2024-11-01,"6 Years, 3 Months",,,,,,,,,,,,
Amount Offered:,₦60 billion,,Summary of Auction Results for November 2024.pdf,2024-11-01,₦60 billion,,,,,,,,,,,,
Total Bids:,52,,Summary of Auction Results for November 2024.pdf,2024-11-01,161,,,,,,,,,,,,
Successful Bids:,45,,Summary of Auction Results for November 2024.pdf,2024-11-01,153,,,,,,,,,,,,
Subscription:,₦75.560 billion,,Summary of Auction Results for November 2024.pdf,2024-11-01,₦294.025 billion,,,,,,,,,,,,
Amount Allotted:,₦63.530 billion,,Summary of Auction Results for November 2024.pdf,2024-11-01,₦282.625 billion,,,,,,,,,,,,
Non-Competitive Allotment:,₦0.500 billion,,Summary of Auction Results for November 2024.pdf,2024-11-01,-,,,,,,,,,,,,
Range of Bids:,19.0000% - 21.9000%,,Summary of Auction Results for November 2024.pdf,2024-11-01,18.0000% - 23.0000%,,,,,,,,,,,,
Marginal Rates:,21.0000%,,Summary of Auction Results for November 2024.pdf,2024-11-01,22.0000%,,,,,,,,,,,,
,,,Summary of Auction Results for October 2025.pdf,2025-10-01,,Auction Date:,"October 27, 2025",,,,,,,,"October 27, 2025",,
,,,Summary of Auction Results for October 2025.pdf,2025-10-01,,Settlement Date:,"October 29, 2025",,,,,,,,"October 29, 2025",,
,,,Summary of Auction Results for October 2025.pdf,2025-10-01,,Maturity Date:,"June 25, 2032",,,,,,,,"August 27, 2030",,
,,,Summary of Auction Results for October 2025.pdf,2025-10-01,,Tenors:,7-Year,,,,,,,,5-Year,,
,,,Summary of Auction Results for October 2025.pdf,2025-10-01,,Term-To-Maturity:,"6 Years, 8 Months",,,,,,,,"4 Years, 10 Months",,
,,,Summary of Auction Results for October 2025.pdf,2025-10-01,,Amount Offered:,₦130 billion,,,,,,,,₦130 billion,,
,,,Summary of Auction Results for October 2025.pdf,2025-10-01,,Total Bids:,216,,,,,,,,53,,
,,,Summary of Auction Results for October 2025.pdf,2025-10-01,,Successful Bids:,75,,,,,,,,19,,
,,,Summary of Auction Results for October 2025.pdf,2025-10-01,,Subscription:,"₦1,058.288 billion",,,,,,,,₦212.662 billion,,
,,,Summary of Auction Results for October 2025.pdf,2025-10-01,,Amount Allotted:,₦225.973 billion,,,,,,,,₦87.798 billion,,
,,,Summary of Auction Results for October 2025.pdf,2025-10-01,,Non-Competitive Allotment:,₦3.000 billion,,,,,,,,-,,
,,,Summary of Auction Results for October 2025.pdf,2025-10-01,,Range of Bids:,14.5000% - 17.4000%,,,,,,,,15.0000% - 16.5000%,,
,,,Summary of Auction Results for October 2025.pdf,2025-10-01,,Marginal Rates:,15.8500%,,,,,,,,15.8320%,,
Auction Date:,,,"Summary of FGN Bond Auction Results for April, 2024.pdf",2024-04-01,"April 15, 2024",,,"April 15, 2024",,,,,,"April 15, 2024",,,
Settlement Date:,,,"Summary of FGN Bond Auction Results for April, 2024.pdf",2024-04-01,"April 17, 2024",,,"April 17, 2024",,,,,,"April 17, 2024",,,
Maturity Date:,,,"Summary of FGN Bond Auction Results for April, 2024.pdf",2024-04-01,"February 21, 2031",,,"February 21, 2034",,,,,,"April 17, 2029",,,
Tenors:,,,"Summary of FGN Bond Auction Results for April, 2024.pdf",2024-04-01,7-Year,,,10-Year,,,,,,5-Year,,,
Term-To-Maturity:,,,"Summary of FGN Bond Auction Results for April, 2024.pdf",2024-04-01,"6 Years, 10 Months",,,"9 Years, 10 Months",,,,,,5 Years,,,
Amount Offered:,,,"Summary of FGN Bond Auction Results for April, 2024.pdf",2024-04-01,₦150 billion,,,₦150 billion,,,,,,₦150 billion,,,
Total Bids:,,,"Summary of FGN Bond Auction Results for April, 2024.pdf",2024-04-01,57,,,257,,,,,,74,,,
Successful Bids:,,,"Summary of FGN Bond Auction Results for April, 2024.pdf",2024-04-01,40,,,200,,,,,,44,,,
Subscription:,,,"Summary of FGN Bond Auction Results for April, 2024.pdf",2024-04-01,₦129.718 billion,,,₦550.828 billion,,,,,,₦239.542 billion,,,
Amount Allotted:,,,"Summary of FGN Bond Auction Results for April, 2024.pdf",2024-04-01,₦85.050 billion,,,₦461.848 billion,,,,,,₦79.915 billion,,,
Range of Bids:,,,"Summary of FGN Bond Auction Results for April, 2024.pdf",2024-04-01,14.0000% - 21.2300%,,,16.0000% - 24.0000%,,,,,,17.0000% - 21.1200%,,,
Marginal Rates:,,,"Summary of FGN Bond Auction Results for April, 2024.pdf",2024-04-01,19.7500%,,,20.0000%,,,,,,19.3000%,,,
Auction Date:,"August 19, 2024","August 19, 2024","Summary of FGN Bond Auction Results for August, 2024.pdf",2024-08-01,"August 19, 2024",,,,,,,,,,,,
Settlement Date:,"August 21, 2024","August 21, 2024","Summary of FGN Bond Auction Results for August, 2024.pdf",2024-08-01,"August 21, 2024",,,,,,,,,,,,
Maturity Date:,"April 17, 2029","May 15, 2033","Summary of FGN Bond Auction Results for August, 2024.pdf",2024-08-01,"February 21, 2031",,,,,,,,,,,,
Tenors:,5-Year,9-Year,"Summary of FGN Bond Auction Results for August, 2024.pdf",2024-08-01,7-Year,,,,,,,,,,,,
Term-To-Maturity:,"4 Years, 8 Months","8 Years, 9 Months","Summary of FGN Bond Auction Results for August, 2024.pdf",2024-08-01,"6 Years, 6 Months",,,,,,,,,,,,
Amount Offered:,₦70 billion,₦50 billion,"Summary of FGN Bond Auction Results for August, 2024.pdf",2024-08-01,₦70 billion,,,,,,,,,,,,
Total Bids:,17,179,"Summary of FGN Bond Auction Results for August, 2024.pdf",2024-08-01,44,,,,,,,,,,,,
Successful Bids:,15,143,"Summary of FGN Bond Auction Results for August, 2024.pdf",2024-08-01,30,,,,,,,,,,,,
Subscription:,₦24.349 billion,₦375.083 billion,"Summary of FGN Bond Auction Results for August, 2024.pdf",2024-08-01,₦60.750 billion,,,,,,,,,,,,
Amount Allotted:,₦18.349 billion,₦314.213 billion,"Summary of FGN Bond Auction Results for August, 2024.pdf",2024-08-01,₦42.189 billion,,,,,,,,,,,,
Range of Bids:,18.0000% - 30.0000%,14.0000% - 30.0000%,"Summary of FGN Bond Auction Results for August, 2024.pdf",2024-08-01,18.5000% - 30.0000%,,,,,,,,,,,,
Marginal Rates:,20.3000%,21.5000%,"Summary of FGN Bond Auction Results for August, 2024.pdf",2024-08-01,20.9000%,,,,,,,,,,,,
,,,"Summary of FGN Bond Auction Results for August, 2025.pdf",2025-08-01,,Auction Date:,"August 25, 2025",,,,,,,,"August 25, 2025",,
,,,"Summary of FGN Bond Auction Results for August, 2025.pdf",2025-08-01,,Settlement Date:,"August 27, 2025",,,,,,,,"August 27, 2025",,
,,,"Summary of FGN Bond Auction Results for August, 2025.pdf",2025-08-01,,Maturity Date:,"June 25, 2032",,,,,,,,"August 27, 2030",,
,,,"Summary of FGN Bond Auction Results for August, 2025.pdf",2025-08-01,,Tenors:,7-Year,,,,,,,,5-Year,,
,,,"Summary of FGN Bond Auction Results for August, 2025.pdf",2025-08-01,,Term-To-Maturity:,"6 Years, 10 Months",,,,,,,,5 Years,,
,,,"Summary of FGN Bond Auction Results for August, 2025.pdf",2025-08-01,,Amount Offered:,₦100 billion,,,,,,,,₦100 billion,,
,,,"Summary of FGN Bond Auction Results for August, 2025.pdf",2025-08-01,,Total Bids:,111,,,,,,,,70,,
,,,"Summary of FGN Bond Auction Results for August, 2025.pdf",2025-08-01,,Successful Bids:,51,,,,,,,,38,,
,,,"Summary of FGN Bond Auction Results for August, 2025.pdf",2025-08-01,,Subscription:,₦165.807 billion,,,,,,,,₦102.355 billion,,
,,,"Summary of FGN Bond Auction Results for August, 2025.pdf",2025-08-01,,Amount Allotted:,₦90.157 billion,,,,,,,,₦46.005 billion,,
,,,"Summary of FGN Bond Auction Results for August, 2025.pdf",2025-08-01,,Range of Bids:,15.0000% - 22.0000%,,,,,,,,12.5000% - 21.5000%,,
,,,"Summary of FGN Bond Auction Results for August, 2025.pdf",2025-08-01,,Marginal Rates:,18.0000%,,,,,,,,17.9450%,,
Auction Date:,,,"Summary of FGN Bond Auction Results for December, 2023.pdf",2023-12-01,,,,,,"December 11, 2023","December 11, 2023","December 11, 2023",,,,"December 11, 2023",
Settlement Date:,,,"Summary of FGN Bond Auction Results for December, 2023.pdf",2023-12-01,,,,,,"December 13, 2023","December 13, 2023","December 13, 2023",,,,"December 13, 2023",
Maturity Date:,,,"Summary of FGN Bond Auction Results for December, 2023.pdf",2023-12-01,,,,,,"April 26, 2029","June 21, 2033","June 21, 2038",,,,"June 21, 2053",
Tenors:,,,"Summary of FGN Bond Auction Results for December, 2023.pdf",2023-12-01,,,,,,10-Year,10-Year,15-Year,,,,30-Year,
Term-To-Maturity:,,,"Summary of FGN Bond Auction Results for December, 2023.pdf",2023-12-01,,,,,,"5 Years, 4 Months","9 Years, 6 Months","14 Years, 6 Months",,,,"29 Years, 6 Months",
Amount Offered:,,,"Summary of FGN Bond Auction Results for December, 2023.pdf",2023-12-01,,,,,,₦90.00 billion,₦90.00 billion,₦90.00 billion,,,,₦90.00 billion,
Total Bids:,,,"Summary of FGN Bond Auction Results for December, 2023.pdf",2023-12-01,,,,,,56,44,83,,,,318,
Successful Bids:,,,"Summary of FGN Bond Auction Results for December, 2023.pdf",2023-12-01,,,,,,28,9,14,,,,125,
Subscription:,,,"Summary of FGN Bond Auction Results for December, 2023.pdf",2023-12-01,,,,,,₦169.979 billion,₦57.43 billion,₦113.82 billion,,,,₦545.183 billion,
Amount Allotted:,,,"Summary of FGN Bond Auction Results for December, 2023.pdf",2023-12-01,,,,,,₦28.614 billion,₦9.148 billion,₦24.343 billion,,,,₦211.523 billion,
Range of Bids:,,,"Summary of FGN Bond Auction Results for December, 2023.pdf",2023-12-01,,,,,,14.0000% - 17.5000%,15.0000% - 17.5000%,15.0000% - 18.0000%,,,,16.0000% - 20.0000%,
Marginal Rates:,,,"Summary of FGN Bond Auction Results for December, 2023.pdf",2023-12-01,,,,,,15.5000%,16.0000%,16.5000%,,,,17.1500%,
,,,"Summary of FGN Bond Auction Results for December, 2025.pdf",2025-12-01,,Auction Date:,"December 15, 2025",,,,,,,,"December 15, 2025",,
,,,"Summary of FGN Bond Auction Results for December, 2025.pdf",2025-12-01,,Settlement Date:,"December 17, 2025",,,,,,,,"December 17, 2025",,
,,,"Summary of FGN Bond Auction Results for December, 2025.pdf",2025-12-01,,Maturity Date:,"June 25, 2032",,,,,,,,"August 27, 2030",,
,,,"Summary of FGN Bond Auction Results for December, 2025.pdf",2025-12-01,,Tenors:,7-Year,,,,,,,,5-Year,,
,,,"Summary of FGN Bond Auction Results for December, 2025.pdf",2025-12-01,,Term-To-Maturity:,"6 Years, 6 Months",,,,,,,,"4 Years, 8 Months",,
,,,"Summary of FGN Bond Auction Results for December, 2025.pdf",2025-12-01,,Amount Offered:,₦230 billion,,,,,,,,₦230 billion,,
,,,"Summary of FGN Bond Auction Results for December, 2025.pdf",2025-12-01,,Total Bids:,188,,,,,,,,60,,
,,,"Summary of FGN Bond Auction Results for December, 2025.pdf",2025-12-01,,Successful Bids:,112,,,,,,,,38,,
,,,"Summary of FGN Bond Auction Results for December, 2025.pdf",2025-12-01,,Subscription:,₦731.399 billion,,,,,,,,₦159.211 billion,,
,,,"Summary of FGN Bond Auction Results for December, 2025.pdf",2025-12-01,,Amount Allotted:,₦494.478 billion,,,,,,,,₦101.987 billion,,
,,,"Summary of FGN Bond Auction Results for December, 2025.pdf",2025-12-01,,Non-Competitive Allotment:,₦4.000 billion,,,,,,,,-,,
,,,"Summary of FGN Bond Auction Results for December, 2025.pdf",2025-12-01,,Range of Bids:,15.0000% - 18.5200%,,,,,,,,15.0000% - 18.5100%,,
,,,"Summary of FGN Bond Auction Results for December, 2025.pdf",2025-12-01,,Marginal Rates:,17.3000%,,,,,,,,17.2000%,,
Auction Date:,,,"Summary of FGN Bond Auction Results for February, 2024.pdf",2024-02-01,"February 19, 2024",,,"February 19, 2024",,,,,,,,,
Settlement Date:,,,"Summary of FGN Bond Auction Results for February, 2024.pdf",2024-02-01,"February 21, 2024",,,"February 21, 2024",,,,,,,,,
Maturity Date:,,,"Summary of FGN Bond Auction Results for February, 2024.pdf",2024-02-01,"February 21, 2031",,,"February 21, 2034",,,,,,,,,
Tenors:,,,"Summary of FGN Bond Auction Results for February, 2024.pdf",2024-02-01,7-Year,,,10-Year,,,,,,,,,
Term-To-Maturity:,,,"Summary of FGN Bond Auction Results for February, 2024.pdf",2024-02-01,7 Years,,,10 Years,,,,,,,,,
Amount Offered:,,,"Summary of FGN Bond Auction Results for February, 2024.pdf",2024-02-01,"₦1,250.000 billion",,,"₦1,250.000 billion",,,,,,,,,
Total Bids:,,,"Summary of FGN Bond Auction Results for February, 2024.pdf",2024-02-01,189,,,265,,,,,,,,,
Successful Bids:,,,"Summary of FGN Bond Auction Results for February, 2024.pdf",2024-02-01,119,,,173,,,,,,,,,
Subscription:,,,"Summary of FGN Bond Auction Results for February, 2024.pdf",2024-02-01,"₦1,082.113 billion",,,₦820.792 billion,,,,,,,,,
Amount Allotted:,,,"Summary of FGN Bond Auction Results for February, 2024.pdf",2024-02-01,₦873.527 billion,,,₦621.382 billion,,,,,,,,,
Range of Bids:,,,"Summary of FGN Bond Auction Results for February, 2024.pdf",2024-02-01,11.0000% - 27.0000%,,,12.0000% - 30.0000%,,,,,,,,,
Marginal Rates:,,,"Summary of FGN Bond Auction Results for February, 2024.pdf",2024-02-01,18.5000%,,,19.0000%,,,,,,,,,
Auction Date:,"February 24, 2025",,"Summary of FGN Bond Auction Results for February, 2025.pdf",2025-02-01,"February 24, 2025",,,,,,,,,,,,
Settlement Date:,"February 26, 2025",,"Summary of FGN Bond Auction Results for February, 2025.pdf",2025-02-01,"February 26, 2025",,,,,,,,,,,,
Maturity Date:,"April 17, 2029",,"Summary of FGN Bond Auction Results for February, 2025.pdf",2025-02-01,"February 21, 2031",,,,,,,,,,,,
Tenors:,5-Year,,"Summary of FGN Bond Auction Results for February, 2025.pdf",2025-02-01,7-Year,,,,,,,,,,,,
Term-To-Maturity:,"4 Years, 2 Months",,"Summary of FGN Bond Auction Results for February, 2025.pdf",2025-02-01,6 Years,,,,,,,,,,,,
Amount Offered:,₦200 billion,,"Summary of FGN Bond Auction Results for February, 2025.pdf",2025-02-01,₦150 billion,,,,,,,,,,,,
Total Bids:,133,,"Summary of FGN Bond Auction Results for February, 2025.pdf",2025-02-01,318,,,,,,,,,,,,
Successful Bids:,97,,"Summary of FGN Bond Auction Results for February, 2025.pdf",2025-02-01,175,,,,,,,,,,,,
Subscription:,₦465.146 billion,,"Summary of FGN Bond Auction Results for February, 2025.pdf",2025-02-01,"₦1,167.092 billion",,,,,,,,,,,,
Amount Allotted:,₦305.362 billion,,"Summary of FGN Bond Auction Results for February, 2025.pdf",2025-02-01,₦605.027 billion,,,,,,,,,,,,
Range of Bids:,17.0000% - 22.0000%,,"Summary of FGN Bond Auction Results for February, 2025.pdf",2025-02-01,17.0000% - 22.0000%,,,,,,,,,,,,
Marginal Rates:,19.2000%,,"Summary of FGN Bond Auction Results for February, 2025.pdf",2025-02-01,19.3300%,,,,,,,,,,,,
Auction Date:,"January 27, 2025",,"Summary of FGN Bond Auction Results for January, 2025.pdf",2025-01-01,"January 27, 2025",,,,,,,,"January 27, 2025",,,,
Settlement Date:,"January 29, 2025",,"Summary of FGN Bond Auction Results for January, 2025.pdf",2025-01-01,"January 29, 2025",,,,,,,,"January 29, 2025",,,,
Maturity Date:,"April 17, 2029",,"Summary of FGN Bond Auction Results for January, 2025.pdf",2025-01-01,"February 21, 2031",,,,,,,,"January 29, 2035",,,,
Tenors:,5-Year,,"Summary of FGN Bond Auction Results for January, 2025.pdf",2025-01-01,7-Year,,,,,,,,10-Year,,,,
Term-To-Maturity:,"4 Years, 4 Months",,"Summary of FGN Bond Auction Results for January, 2025.pdf",2025-01-01,"6 Years, 2 Months",,,,,,,,10 Years,,,,
Amount Offered:,₦100 billion,,"Summary of FGN Bond Auction Results for January, 2025.pdf",2025-01-01,₦150 billion,,,,,,,,₦200 billion,,,,
Total Bids:,42,,"Summary of FGN Bond Auction Results for January, 2025.pdf",2025-01-01,75,,,,,,,,180,,,,
Successful Bids:,38,,"Summary of FGN Bond Auction Results for January, 2025.pdf",2025-01-01,66,,,,,,,,162,,,,
Subscription:,₦92.660 billion,,"Summary of FGN Bond Auction Results for January, 2025.pdf",2025-01-01,₦175.870 billion,,,,,,,,₦401.409 billion,,,,
Amount Allotted:,₦78.859 billion,,"Summary of FGN Bond Auction Results for January, 2025.pdf",2025-01-01,₦153.869 billion,,,,,,,,₦368.309 billion,,,,
Range of Bids:,19.3000% - 22.7500%,,"Summary of FGN Bond Auction Results for January, 2025.pdf",2025-01-01,20.0000% - 23.4500%,,,,,,,,15.0000% - 29.0000%,,,,
Marginal Rates:,21.7900%,,"Summary of FGN Bond Auction Results for January, 2025.pdf",2025-01-01,22.5000%,,,,,,,,22.6000%,,,,
Auction Date:,"July 22, 2024","July 22, 2024","Summary of FGN Bond Auction Results for July, 2024.pdf",2024-07-01,"July 22, 2024",,,,,,,,,,,,
Settlement Date:,"July 24, 2024","July 24, 2024","Summary of FGN Bond Auction Results for July, 2024.pdf",2024-07-01,"July 24, 2024",,,,,,,,,,,,
Maturity Date:,"April 17, 2029","May 15, 2033","Summary of FGN Bond Auction Results for July, 2024.pdf",2024-07-01,"February 21, 2031",,,,,,,,,,,,
Tenors:,5-Year,9-Year,"Summary of FGN Bond Auction Results for July, 2024.pdf",2024-07-01,7-Year,,,,,,,,,,,,
Term-To-Maturity:,"4 Years, 9 Months","8 Years, 10 Months","Summary of FGN Bond Auction Results for July, 2024.pdf",2024-07-01,"6 Years, 7 Months",,,,,,,,,,,,
Amount Offered:,₦100 billion,₦100 billion,"Summary of FGN Bond Auction Results for July, 2024.pdf",2024-07-01,₦100 billion,,,,,,,,,,,,
Total Bids:,21,149,"Summary of FGN Bond Auction Results for July, 2024.pdf",2024-07-01,16,,,,,,,,,,,,
Successful Bids:,11,117,"Summary of FGN Bond Auction Results for July, 2024.pdf",2024-07-01,9,,,,,,,,,,,,
Subscription:,₦21.485 billion,₦241.649 billion,"Summary of FGN Bond Auction Results for July, 2024.pdf",2024-07-01,₦16.530 billion,,,,,,,,,,,,
Amount Allotted:,₦18.885 billion,₦200.649 billion,"Summary of FGN Bond Auction Results for July, 2024.pdf",2024-07-01,₦6.180 billion,,,,,,,,,,,,
Range of Bids:,18.5000% - 21.0000%,17.5000% - 23.0000%,"Summary of FGN Bond Auction Results for July, 2024.pdf",2024-07-01,19.5000% - 22.3800%,,,,,,,,,,,,
Marginal Rates:,19.8900%,21.9800%,"Summary of FGN Bond Auction Results for July, 2024.pdf",2024-07-01,21.0000%,,,,,,,,,,,,
Auction Date:,"July 28, 2025",,"Summary of FGN Bond Auction Results for July, 2025.pdf",2025-07-01,,,"July 28, 2025",,,,,,,,,,
Settlement Date:,"July 30, 2025",,"Summary of FGN Bond Auction Results for July, 2025.pdf",2025-07-01,,,"July 30, 2025",,,,,,,,,,
Maturity Date:,"April 17, 2029",,"Summary of FGN Bond Auction Results for July, 2025.pdf",2025-07-01,,,"June 25, 2032",,,,,,,,,,
Tenors:,5-Year,,"Summary of FGN Bond Auction Results for July, 2025.pdf",2025-07-01,,,7-Year,,,,,,,,,,
Term-To-Maturity:,"3 Years, 9 Months",,"Summary of FGN Bond Auction Results for July, 2025.pdf",2025-07-01,,,"6 Years, 11 Months",,,,,,,,,,
Amount Offered:,₦20 billion,,"Summary of FGN Bond Auction Results for July, 2025.pdf",2025-07-01,,,₦60 billion,,,,,,,,,,
Total Bids:,40,,"Summary of FGN Bond Auction Results for July, 2025.pdf",2025-07-01,,,109,,,,,,,,,,
Successful Bids:,15,,"Summary of FGN Bond Auction Results for July, 2025.pdf",2025-07-01,,,59,,,,,,,,,,
Subscription:,₦39.075 billion,,"Summary of FGN Bond Auction Results for July, 2025.pdf",2025-07-01,,,₦261.597 billion,,,,,,,,,,
Amount Allotted:,₦13.430 billion,,"Summary of FGN Bond Auction Results for July, 2025.pdf",2025-07-01,,,₦172.502 billion,,,,,,,,,,
Range of Bids:,15.0000% - 20.0000%,,"Summary of FGN Bond Auction Results for July, 2025.pdf",2025-07-01,,,15.0000% - 19.0000%,,,,,,,,,,
Marginal Rates:,15.6900%,,"Summary of FGN Bond Auction Results for July, 2025.pdf",2025-07-01,,,15.9000%,,,,,,,,,,
Auction Date:,,,"Summary of FGN Bond Auction Results for March, 2024.pdf",2024-03-01,"March 18, 2024",,,"March 18, 2024",,,,,,,,,"March 18, 2024"
Settlement Date:,,,"Summary of FGN Bond Auction Results for March, 2024.pdf",2024-03-01,"March 20, 2024",,,"March 20, 2024",,,,,,,,,"March 20, 2024"
Maturity Date:,,,"Summary of FGN Bond Auction Results for March, 2024.pdf",2024-03-01,"February 21, 2031",,,"February 21, 2034",,,,,,,,,"March 20, 2027"
Tenors:,,,"Summary of FGN Bond Auction Results for March, 2024.pdf",2024-03-01,7-Year,,,10-Year,,,,,,,,,3-Year
Term-To-Maturity:,,,"Summary of FGN Bond Auction Results for March, 2024.pdf",2024-03-01,"6 Years, 11 Months",,,"9 Years, 11 Months",,,,,,,,,3 Years
Amount Offered:,,,"Summary of FGN Bond Auction Results for March, 2024.pdf",2024-03-01,₦150 billion,,,₦150 billion,,,,,,,,,₦150 billion
Total Bids:,,,"Summary of FGN Bond Auction Results for March, 2024.pdf",2024-03-01,39,,,166,,,,,,,,,67
Successful Bids:,,,"Summary of FGN Bond Auction Results for March, 2024.pdf",2024-03-01,33,,,154,,,,,,,,,58
Subscription:,,,"Summary of FGN Bond Auction Results for March, 2024.pdf",2024-03-01,₦51.786 billion,,,₦298.600 billion,,,,,,,,,₦264.628 billion
Amount Allotted:,,,"Summary of FGN Bond Auction Results for March, 2024.pdf",2024-03-01,₦47.886 billion,,,₦275.850 billion,,,,,,,,,₦151.928 billion
Non-Competitive Allotment:,,,"Summary of FGN Bond Auction Results for March, 2024.pdf",2024-03-01,,,,133.200 billion,,,,,,,,,
Range of Bids:,,,"Summary of FGN Bond Auction Results for March, 2024.pdf",2024-03-01,17.0000% - 23.0000%,,,17.5000% - 25.0000%,,,,,,,,,17.0000% - 24.0000%
Marginal Rates:,,,"Summary of FGN Bond Auction Results for March, 2024.pdf",2024-03-01,20.0000%,,,20.4500%,,,,,,,,,19.9400%
,,,"Summary of FGN Bond Auction Results for November, 2025.pdf",2025-11-01,,Auction Date:,"November 24, 2025",,,,,,,,"November 24, 2025",,
,,,"Summary of FGN Bond Auction Results for November, 2025.pdf",2025-11-01,,Settlement Date:,"November 26, 2025",,,,,,,,"November 26, 2025",,
,,,"Summary of FGN Bond Auction Results for November, 2025.pdf",2025-11-01,,Maturity Date:,"June 25, 2032",,,,,,,,"August 27, 2030",,
,,,"Summary of FGN Bond Auction Results for November, 2025.pdf",2025-11-01,,Tenors:,7-Year,,,,,,,,5-Year,,
,,,"Summary of FGN Bond Auction Results for November, 2025.pdf",2025-11-01,,Term-To-Maturity:,"6 Years, 7 Months",,,,,,,,"4 Years, 9 Months",,
,,,"Summary of FGN Bond Auction Results for November, 2025.pdf",2025-11-01,,Amount Offered:,₦230 billion,,,,,,,,₦230 billion,,
,,,"Summary of FGN Bond Auction Results for November, 2025.pdf",2025-11-01,,Total Bids:,148,,,,,,,,45,,
,,,"Summary of FGN Bond Auction Results for November, 2025.pdf",2025-11-01,,Successful Bids:,121,,,,,,,,37,,
,,,"Summary of FGN Bond Auction Results for November, 2025.pdf",2025-11-01,,Subscription:,₦509.392 billion,,,,,,,,₦147.869 billion,,
,,,"Summary of FGN Bond Auction Results for November, 2025.pdf",2025-11-01,,Amount Allotted:,₦448.722 billion,,,,,,,,₦134.799 billion,,
,,,"Summary of FGN Bond Auction Results for November, 2025.pdf",2025-11-01,,Non-Competitive Allotment:,₦6.000 billion,,,,,,,,-,,
,,,"Summary of FGN Bond Auction Results for November, 2025.pdf",2025-11-01,,Range of Bids:,14.9000% - 17.9500%,,,,,,,,14.9000% - 17.9450%,,
,,,"Summary of FGN Bond Auction Results for November, 2025.pdf",2025-11-01,,Marginal Rates:,16.0000%,,,,,,,,15.9000%,,
Auction Date:,"October 21, 2024",,"Summary of FGN Bond Auction Results for October, 2024.pdf",2024-10-01,"October 21, 2024",,,,,,,,,,,,
Settlement Date:,"October 23, 2024",,"Summary of FGN Bond Auction Results for October, 2024.pdf",2024-10-01,"October 23, 2024",,,,,,,,,,,,
Maturity Date:,"April 17, 2029",,"Summary of FGN Bond Auction Results for October, 2024.pdf",2024-10-01,"February 21, 2031",,,,,,,,,,,,
Tenors:,5-Year,,"Summary of FGN Bond Auction Results for October, 2024.pdf",2024-10-01,7-Year,,,,,,,,,,,,
Term-To-Maturity:,"4 Years, 6 Months",,"Summary of FGN Bond Auction Results for October, 2024.pdf",2024-10-01,"6 Years, 4 Months",,,,,,,,,,,,
Amount Offered:,₦90 billion,,"Summary of FGN Bond Auction Results for October, 2024.pdf",2024-10-01,₦90 billion,,,,,,,,,,,,
Total Bids:,45,,"Summary of FGN Bond Auction Results for October, 2024.pdf",2024-10-01,114,,,,,,,,,,,,
Successful Bids:,41,,"Summary of FGN Bond Auction Results for October, 2024.pdf",2024-10-01,70,,,,,,,,,,,,
Subscription:,₦60.737 billion,,"Summary of FGN Bond Auction Results for October, 2024.pdf",2024-10-01,₦328.584 billion,,,,,,,,,,,,
Amount Allotted:,₦57.237 billion,,"Summary of FGN Bond Auction Results for October, 2024.pdf",2024-10-01,₦232.360 billion,,,,,,,,,,,,
Range of Bids:,18.0000% - 21.9700%,,"Summary of FGN Bond Auction Results for October, 2024.pdf",2024-10-01,18.5000% - 23.2000%,,,,,,,,,,,,
Marginal Rates:,20.7500%,,"Summary of FGN Bond Auction Results for October, 2024.pdf",2024-10-01,21.7400%,,,,,,,,,,,,
Auction Date:,"September 23, 2024","September 23, 2024","Summary of FGN Bond Auction Results for September, 2024.pdf",2024-09-01,"September 23, 2024",,,,,,,,,,,,
Settlement Date:,"September 25, 2024","September 25, 2024","Summary of FGN Bond Auction Results for September, 2024.pdf",2024-09-01,"September 25, 2024",,,,,,,,,,,,
Maturity Date:,"April 17, 2029","May 15, 2033","Summary of FGN Bond Auction Results for September, 2024.pdf",2024-09-01,"February 21, 2031",,,,,,,,,,,,
Tenors:,5-Year,9-Year,"Summary of FGN Bond Auction Results for September, 2024.pdf",2024-09-01,7-Year,,,,,,,,,,,,
Term-To-Maturity:,"4 Years, 7 Months","8 Years, 8 Months","Summary of FGN Bond Auction Results for September, 2024.pdf",2024-09-01,"6 Years, 5 Months",,,,,,,,,,,,
Amount Offered:,₦70 billion,₦30 billion,"Summary of FGN Bond Auction Results for September, 2024.pdf",2024-09-01,₦50 billion,,,,,,,,,,,,
Total Bids:,21,230,"Summary of FGN Bond Auction Results for September, 2024.pdf",2024-09-01,33,,,,,,,,,,,,
Successful Bids:,9,133,"Summary of FGN Bond Auction Results for September, 2024.pdf",2024-09-01,25,,,,,,,,,,,,
Subscription:,₦22.555 billion,₦337.347 billion,"Summary of FGN Bond Auction Results for September, 2024.pdf",2024-09-01,₦54.979 billion,,,,,,,,,,,,
Amount Allotted:,₦2.732 billion,₦230.716 billion,"Summary of FGN Bond Auction Results for September, 2024.pdf",2024-09-01,₦31.079 billion,,,,,,,,,,,,
Range of Bids:,18.5000% - 20.1900%,18.0000% - 22.0000%,"Summary of FGN Bond Auction Results for September, 2024.pdf",2024-09-01,17.5000% - 21.1800%,,,,,,,,,,,,
Marginal Rates:,19.0000%,20.0500%,"Summary of FGN Bond Auction Results for September, 2024.pdf",2024-09-01,19.9900%,,,,,,,,,,,,
,,,"Summary of FGN Bond Auction Results for September, 2025.pdf",2025-09-01,,Auction Date:,"September 29, 2025",,,,,,,,"September 29, 2025",,
,,,"Summary of FGN Bond Auction Results for September, 2025.pdf",2025-09-01,,Settlement Date:,"October 2, 2025",,,,,,,,"October 2, 2025",,
,,,"Summary of FGN Bond Auction Results for September, 2025.pdf",2025-09-01,,Maturity Date:,"June 25, 2032",,,,,,,,"August 27, 2030",,
,,,"Summary of FGN Bond Auction Results for September, 2025.pdf",2025-09-01,,Tenors:,7-Year,,,,,,,,5-Year,,
,,,"Summary of FGN Bond Auction Results for September, 2025.pdf",2025-09-01,,Term-To-Maturity:,"6 Years, 9 Months",,,,,,,,"4 Years, 11 Months",,
,,,"Summary of FGN Bond Auction Results for September, 2025.pdf",2025-09-01,,Amount Offered:,₦100 billion,,,,,,,,₦100 billion,,
,,,"Summary of FGN Bond Auction Results for September, 2025.pdf",2025-09-01,,Total Bids:,270,,,,,,,,66,,
,,,"Summary of FGN Bond Auction Results for September, 2025.pdf",2025-09-01,,Successful Bids:,91,,,,,,,,26,,
,,,"Summary of FGN Bond Auction Results for September, 2025.pdf",2025-09-01,,Subscription:,"₦1,028.204 billion",,,,,,,,₦231.792 billion,,
,,,"Summary of FGN Bond Auction Results for September, 2025.pdf",2025-09-01,,Amount Allotted:,₦488.826 billion,,,,,,,,₦87.798 billion,,
,,,"Summary of FGN Bond Auction Results for September, 2025.pdf",2025-09-01,,Range of Bids:,14.9500% - 19.2000%,,,,,,,,15.0000% - 17.9450%,,
,,,"Summary of FGN Bond Auction Results for September, 2025.pdf",2025-09-01,,Marginal Rates:,16.2000%,,,,,,,,16.0000%,,
