Date,Code,Description,Unit of Measure,Value
1986/05,KBP2002M,Yield on bonds traded on the stock exchange: Government      bonds - Nominal yield: 5 to 10 years,Percentage,16.72
1986/06,KBP2002M,Yield on bonds traded on the stock exchange: Government      bonds - Nominal yield: 5 to 10 years,Percentage,17.34
1986/07,KBP2002M,Yield on bonds traded on the stock exchange: Government      bonds - Nominal yield: 5 to 10 years,Percentage,16.39
1986/08,KBP2002M,Yield on bonds traded on the stock exchange: Government      bonds - Nominal yield: 5 to 10 years,Percentage,15.0
1986/09,KBP2002M,Yield on bonds traded on the stock exchange: Government      bonds - Nominal yield: 5 to 10 years,Percentage,14.3
1986/10,KBP2002M,Yield on bonds traded on the stock exchange: Government      bonds - Nominal yield: 5 to 10 years,Percentage,16.16
1986/11,KBP2002M,Yield on bonds traded on the stock exchange: Government      bonds - Nominal yield: 5 to 10 years,Percentage,15.93
1986/12,KBP2002M,Yield on bonds traded on the stock exchange: Government      bonds - Nominal yield: 5 to 10 years,Percentage,15.46
1987/01,KBP2002M,Yield on bonds traded on the stock exchange: Government      bonds - Nominal yield: 5 to 10 years,Percentage,15.36
1987/02,KBP2002M,Yield on bonds traded on the stock exchange: Government      bonds - Nominal yield: 5 to 10 years,Percentage,15.93
1987/03,KBP2002M,Yield on bonds traded on the stock exchange: Government      bonds - Nominal yield: 5 to 10 years,Percentage,15.46
1987/04,KBP2002M,Yield on bonds traded on the stock exchange: Government      bonds - Nominal yield: 5 to 10 years,Percentage,15.65
1987/05,KBP2002M,Yield on bonds traded on the stock exchange: Government      bonds - Nominal yield: 5 to 10 years,Percentage,16.08
1987/06,KBP2002M,Yield on bonds traded on the stock exchange: Government      bonds - Nominal yield: 5 to 10 years,Percentage,16.04
1987/07,KBP2002M,Yield on bonds traded on the stock exchange: Government      bonds - Nominal yield: 5 to 10 years,Percentage,15.49
1987/08,KBP2002M,Yield on bonds traded on the stock exchange: Government      bonds - Nominal yield: 5 to 10 years,Percentage,15.01
1987/09,KBP2002M,Yield on bonds traded on the stock exchange: Government      bonds - Nominal yield: 5 to 10 years,Percentage,15.17
1987/10,KBP2002M,Yield on bonds traded on the stock exchange: Government      bonds - Nominal yield: 5 to 10 years,Percentage,15.19
1987/11,KBP2002M,Yield on bonds traded on the stock exchange: Government      bonds - Nominal yield: 5 to 10 years,Percentage,15.34
1987/12,KBP2002M,Yield on bonds traded on the stock exchange: Government      bonds - Nominal yield: 5 to 10 years,Percentage,15.47
1988/01,KBP2002M,Yield on bonds traded on the stock exchange: Government      bonds - Nominal yield: 5 to 10 years,Percentage,16.25
1988/02,KBP2002M,Yield on bonds traded on the stock exchange: Government      bonds - Nominal yield: 5 to 10 years,Percentage,16.62
1988/03,KBP2002M,Yield on bonds traded on the stock exchange: Government      bonds - Nominal yield: 5 to 10 years,Percentage,16.75
1988/04,KBP2002M,Yield on bonds traded on the stock exchange: Government      bonds - Nominal yield: 5 to 10 years,Percentage,16.64
1988/05,KBP2002M,Yield on bonds traded on the stock exchange: Government      bonds - Nominal yield: 5 to 10 years,Percentage,16.38
1988/06,KBP2002M,Yield on bonds traded on the stock exchange: Government      bonds - Nominal yield: 5 to 10 years,Percentage,16.27
1988/07,KBP2002M,Yield on bonds traded on the stock exchange: Government      bonds - Nominal yield: 5 to 10 years,Percentage,16.06
1988/08,KBP2002M,Yield on bonds traded on the stock exchange: Government      bonds - Nominal yield: 5 to 10 years,Percentage,16.08
1988/09,KBP2002M,Yield on bonds traded on the stock exchange: Government      bonds - Nominal yield: 5 to 10 years,Percentage,16.09
1988/10,KBP2002M,Yield on bonds traded on the stock exchange: Government      bonds - Nominal yield: 5 to 10 years,Percentage,16.41
1988/11,KBP2002M,Yield on bonds traded on the stock exchange: Government      bonds - Nominal yield: 5 to 10 years,Percentage,16.75
1988/12,KBP2002M,Yield on bonds traded on the stock exchange: Government      bonds - Nominal yield: 5 to 10 years,Percentage,16.74
1989/01,KBP2002M,Yield on bonds traded on the stock exchange: Government      bonds - Nominal yield: 5 to 10 years,Percentage,16.52
1989/02,KBP2002M,Yield on bonds traded on the stock exchange: Government      bonds - Nominal yield: 5 to 10 years,Percentage,16.48
1989/03,KBP2002M,Yield on bonds traded on the stock exchange: Government      bonds - Nominal yield: 5 to 10 years,Percentage,16.96
1989/04,KBP2002M,Yield on bonds traded on the stock exchange: Government      bonds - Nominal yield: 5 to 10 years,Percentage,17.0
1989/05,KBP2002M,Yield on bonds traded on the stock exchange: Government      bonds - Nominal yield: 5 to 10 years,Percentage,17.08
1989/06,KBP2002M,Yield on bonds traded on the stock exchange: Government      bonds - Nominal yield: 5 to 10 years,Percentage,17.11
1989/07,KBP2002M,Yield on bonds traded on the stock exchange: Government      bonds - Nominal yield: 5 to 10 years,Percentage,16.91
1989/08,KBP2002M,Yield on bonds traded on the stock exchange: Government      bonds - Nominal yield: 5 to 10 years,Percentage,16.92
1989/09,KBP2002M,Yield on bonds traded on the stock exchange: Government      bonds - Nominal yield: 5 to 10 years,Percentage,16.64
1989/10,KBP2002M,Yield on bonds traded on the stock exchange: Government      bonds - Nominal yield: 5 to 10 years,Percentage,16.64
1989/11,KBP2002M,Yield on bonds traded on the stock exchange: Government      bonds - Nominal yield: 5 to 10 years,Percentage,16.64
1989/12,KBP2002M,Yield on bonds traded on the stock exchange: Government      bonds - Nominal yield: 5 to 10 years,Percentage,16.64
1990/01,KBP2002M,Yield on bonds traded on the stock exchange: Government      bonds - Nominal yield: 5 to 10 years,Percentage,16.64
1990/02,KBP2002M,Yield on bonds traded on the stock exchange: Government      bonds - Nominal yield: 5 to 10 years,Percentage,16.64
1990/03,KBP2002M,Yield on bonds traded on the stock exchange: Government      bonds - Nominal yield: 5 to 10 years,Percentage,16.64
1990/04,KBP2002M,Yield on bonds traded on the stock exchange: Government      bonds - Nominal yield: 5 to 10 years,Percentage,16.64
1990/05,KBP2002M,Yield on bonds traded on the stock exchange: Government      bonds - Nominal yield: 5 to 10 years,Percentage,16.64
1990/06,KBP2002M,Yield on bonds traded on the stock exchange: Government      bonds - Nominal yield: 5 to 10 years,Percentage,16.64
1990/07,KBP2002M,Yield on bonds traded on the stock exchange: Government      bonds - Nominal yield: 5 to 10 years,Percentage,16.64
1990/08,KBP2002M,Yield on bonds traded on the stock exchange: Government      bonds - Nominal yield: 5 to 10 years,Percentage,16.1
1990/09,KBP2002M,Yield on bonds traded on the stock exchange: Government      bonds - Nominal yield: 5 to 10 years,Percentage,16.49
1990/10,KBP2002M,Yield on bonds traded on the stock exchange: Government      bonds - Nominal yield: 5 to 10 years,Percentage,16.49
1990/11,KBP2002M,Yield on bonds traded on the stock exchange: Government      bonds - Nominal yield: 5 to 10 years,Percentage,16.42
1990/12,KBP2002M,Yield on bonds traded on the stock exchange: Government      bonds - Nominal yield: 5 to 10 years,Percentage,16.24
1991/01,KBP2002M,Yield on bonds traded on the stock exchange: Government      bonds - Nominal yield: 5 to 10 years,Percentage,16.13
1991/02,KBP2002M,Yield on bonds traded on the stock exchange: Government      bonds - Nominal yield: 5 to 10 years,Percentage,15.65
1991/03,KBP2002M,Yield on bonds traded on the stock exchange: Government      bonds - Nominal yield: 5 to 10 years,Percentage,15.67
1991/04,KBP2002M,Yield on bonds traded on the stock exchange: Government      bonds - Nominal yield: 5 to 10 years,Percentage,15.9
1991/05,KBP2002M,Yield on bonds traded on the stock exchange: Government      bonds - Nominal yield: 5 to 10 years,Percentage,16.06
1991/06,KBP2002M,Yield on bonds traded on the stock exchange: Government      bonds - Nominal yield: 5 to 10 years,Percentage,16.37
1991/07,KBP2002M,Yield on bonds traded on the stock exchange: Government      bonds - Nominal yield: 5 to 10 years,Percentage,16.42
1991/08,KBP2002M,Yield on bonds traded on the stock exchange: Government      bonds - Nominal yield: 5 to 10 years,Percentage,16.42
1991/09,KBP2002M,Yield on bonds traded on the stock exchange: Government      bonds - Nominal yield: 5 to 10 years,Percentage,17.15
1991/10,KBP2002M,Yield on bonds traded on the stock exchange: Government      bonds - Nominal yield: 5 to 10 years,Percentage,17.15
1991/11,KBP2002M,Yield on bonds traded on the stock exchange: Government      bonds - Nominal yield: 5 to 10 years,Percentage,17.15
1991/12,KBP2002M,Yield on bonds traded on the stock exchange: Government      bonds - Nominal yield: 5 to 10 years,Percentage,16.88
1992/01,KBP2002M,Yield on bonds traded on the stock exchange: Government      bonds - Nominal yield: 5 to 10 years,Percentage,16.52
1992/02,KBP2002M,Yield on bonds traded on the stock exchange: Government      bonds - Nominal yield: 5 to 10 years,Percentage,17.1
1992/03,KBP2002M,Yield on bonds traded on the stock exchange: Government      bonds - Nominal yield: 5 to 10 years,Percentage,17.1
1992/04,KBP2002M,Yield on bonds traded on the stock exchange: Government      bonds - Nominal yield: 5 to 10 years,Percentage,16.53
1992/05,KBP2002M,Yield on bonds traded on the stock exchange: Government      bonds - Nominal yield: 5 to 10 years,Percentage,16.12
1992/06,KBP2002M,Yield on bonds traded on the stock exchange: Government      bonds - Nominal yield: 5 to 10 years,Percentage,16.2
1992/07,KBP2002M,Yield on bonds traded on the stock exchange: Government      bonds - Nominal yield: 5 to 10 years,Percentage,15.6
1992/08,KBP2002M,Yield on bonds traded on the stock exchange: Government      bonds - Nominal yield: 5 to 10 years,Percentage,14.8
1992/09,KBP2002M,Yield on bonds traded on the stock exchange: Government      bonds - Nominal yield: 5 to 10 years,Percentage,14.5
1992/10,KBP2002M,Yield on bonds traded on the stock exchange: Government      bonds - Nominal yield: 5 to 10 years,Percentage,14.03
1992/11,KBP2002M,Yield on bonds traded on the stock exchange: Government      bonds - Nominal yield: 5 to 10 years,Percentage,14.74
1992/12,KBP2002M,Yield on bonds traded on the stock exchange: Government      bonds - Nominal yield: 5 to 10 years,Percentage,14.73
1993/01,KBP2002M,Yield on bonds traded on the stock exchange: Government      bonds - Nominal yield: 5 to 10 years,Percentage,14.73
1993/02,KBP2002M,Yield on bonds traded on the stock exchange: Government      bonds - Nominal yield: 5 to 10 years,Percentage,14.58
1993/03,KBP2002M,Yield on bonds traded on the stock exchange: Government      bonds - Nominal yield: 5 to 10 years,Percentage,14.63
1993/04,KBP2002M,Yield on bonds traded on the stock exchange: Government      bonds - Nominal yield: 5 to 10 years,Percentage,15.11
1993/05,KBP2002M,Yield on bonds traded on the stock exchange: Government      bonds - Nominal yield: 5 to 10 years,Percentage,15.04
1993/06,KBP2002M,Yield on bonds traded on the stock exchange: Government      bonds - Nominal yield: 5 to 10 years,Percentage,14.79
1993/07,KBP2002M,Yield on bonds traded on the stock exchange: Government      bonds - Nominal yield: 5 to 10 years,Percentage,14.24
1993/08,KBP2002M,Yield on bonds traded on the stock exchange: Government      bonds - Nominal yield: 5 to 10 years,Percentage,13.85
1993/09,KBP2002M,Yield on bonds traded on the stock exchange: Government      bonds - Nominal yield: 5 to 10 years,Percentage,13.29
1993/10,KBP2002M,Yield on bonds traded on the stock exchange: Government      bonds - Nominal yield: 5 to 10 years,Percentage,13.07
1993/11,KBP2002M,Yield on bonds traded on the stock exchange: Government      bonds - Nominal yield: 5 to 10 years,Percentage,12.51
1993/12,KBP2002M,Yield on bonds traded on the stock exchange: Government      bonds - Nominal yield: 5 to 10 years,Percentage,12.2
1994/01,KBP2002M,Yield on bonds traded on the stock exchange: Government      bonds - Nominal yield: 5 to 10 years,Percentage,12.07
1994/02,KBP2002M,Yield on bonds traded on the stock exchange: Government      bonds - Nominal yield: 5 to 10 years,Percentage,12.56
1994/03,KBP2002M,Yield on bonds traded on the stock exchange: Government      bonds - Nominal yield: 5 to 10 years,Percentage,12.73
1994/04,KBP2002M,Yield on bonds traded on the stock exchange: Government      bonds - Nominal yield: 5 to 10 years,Percentage,12.97
1994/05,KBP2002M,Yield on bonds traded on the stock exchange: Government      bonds - Nominal yield: 5 to 10 years,Percentage,13.02
1994/06,KBP2002M,Yield on bonds traded on the stock exchange: Government      bonds - Nominal yield: 5 to 10 years,Percentage,14.11
1994/07,KBP2002M,Yield on bonds traded on the stock exchange: Government      bonds - Nominal yield: 5 to 10 years,Percentage,14.83
1994/08,KBP2002M,Yield on bonds traded on the stock exchange: Government      bonds - Nominal yield: 5 to 10 years,Percentage,15.62
1994/09,KBP2002M,Yield on bonds traded on the stock exchange: Government      bonds - Nominal yield: 5 to 10 years,Percentage,16.59
1994/10,KBP2002M,Yield on bonds traded on the stock exchange: Government      bonds - Nominal yield: 5 to 10 years,Percentage,16.65
1994/11,KBP2002M,Yield on bonds traded on the stock exchange: Government      bonds - Nominal yield: 5 to 10 years,Percentage,16.62
1994/12,KBP2002M,Yield on bonds traded on the stock exchange: Government      bonds - Nominal yield: 5 to 10 years,Percentage,16.48
1995/01,KBP2002M,Yield on bonds traded on the stock exchange: Government      bonds - Nominal yield: 5 to 10 years,Percentage,16.72
1995/02,KBP2002M,Yield on bonds traded on the stock exchange: Government      bonds - Nominal yield: 5 to 10 years,Percentage,16.61
1995/03,KBP2002M,Yield on bonds traded on the stock exchange: Government      bonds - Nominal yield: 5 to 10 years,Percentage,16.54
1995/04,KBP2002M,Yield on bonds traded on the stock exchange: Government      bonds - Nominal yield: 5 to 10 years,Percentage,16.63
1995/05,KBP2002M,Yield on bonds traded on the stock exchange: Government      bonds - Nominal yield: 5 to 10 years,Percentage,16.99
1995/06,KBP2002M,Yield on bonds traded on the stock exchange: Government      bonds - Nominal yield: 5 to 10 years,Percentage,16.74
1995/07,KBP2002M,Yield on bonds traded on the stock exchange: Government      bonds - Nominal yield: 5 to 10 years,Percentage,16.59
1995/08,KBP2002M,Yield on bonds traded on the stock exchange: Government      bonds - Nominal yield: 5 to 10 years,Percentage,15.89
1995/09,KBP2002M,Yield on bonds traded on the stock exchange: Government      bonds - Nominal yield: 5 to 10 years,Percentage,15.44
1995/10,KBP2002M,Yield on bonds traded on the stock exchange: Government      bonds - Nominal yield: 5 to 10 years,Percentage,15.07
1995/11,KBP2002M,Yield on bonds traded on the stock exchange: Government      bonds - Nominal yield: 5 to 10 years,Percentage,14.36
1995/12,KBP2002M,Yield on bonds traded on the stock exchange: Government      bonds - Nominal yield: 5 to 10 years,Percentage,14.52
1996/01,KBP2002M,Yield on bonds traded on the stock exchange: Government      bonds - Nominal yield: 5 to 10 years,Percentage,13.68
1996/02,KBP2002M,Yield on bonds traded on the stock exchange: Government      bonds - Nominal yield: 5 to 10 years,Percentage,14.04
1996/03,KBP2002M,Yield on bonds traded on the stock exchange: Government      bonds - Nominal yield: 5 to 10 years,Percentage,14.95
1996/04,KBP2002M,Yield on bonds traded on the stock exchange: Government      bonds - Nominal yield: 5 to 10 years,Percentage,15.62
1996/05,KBP2002M,Yield on bonds traded on the stock exchange: Government      bonds - Nominal yield: 5 to 10 years,Percentage,16.31
1996/06,KBP2002M,Yield on bonds traded on the stock exchange: Government      bonds - Nominal yield: 5 to 10 years,Percentage,15.52
1996/07,KBP2002M,Yield on bonds traded on the stock exchange: Government      bonds - Nominal yield: 5 to 10 years,Percentage,15.14
1996/08,KBP2002M,Yield on bonds traded on the stock exchange: Government      bonds - Nominal yield: 5 to 10 years,Percentage,15.51
1996/09,KBP2002M,Yield on bonds traded on the stock exchange: Government      bonds - Nominal yield: 5 to 10 years,Percentage,15.13
1996/10,KBP2002M,Yield on bonds traded on the stock exchange: Government      bonds - Nominal yield: 5 to 10 years,Percentage,15.52
1996/11,KBP2002M,Yield on bonds traded on the stock exchange: Government      bonds - Nominal yield: 5 to 10 years,Percentage,15.93
1996/12,KBP2002M,Yield on bonds traded on the stock exchange: Government      bonds - Nominal yield: 5 to 10 years,Percentage,15.95
1997/01,KBP2002M,Yield on bonds traded on the stock exchange: Government      bonds - Nominal yield: 5 to 10 years,Percentage,15.65
1997/02,KBP2002M,Yield on bonds traded on the stock exchange: Government      bonds - Nominal yield: 5 to 10 years,Percentage,14.84
1997/03,KBP2002M,Yield on bonds traded on the stock exchange: Government      bonds - Nominal yield: 5 to 10 years,Percentage,14.97
1997/04,KBP2002M,Yield on bonds traded on the stock exchange: Government      bonds - Nominal yield: 5 to 10 years,Percentage,15.05
1997/05,KBP2002M,Yield on bonds traded on the stock exchange: Government      bonds - Nominal yield: 5 to 10 years,Percentage,14.92
1997/06,KBP2002M,Yield on bonds traded on the stock exchange: Government      bonds - Nominal yield: 5 to 10 years,Percentage,14.62
1997/07,KBP2002M,Yield on bonds traded on the stock exchange: Government      bonds - Nominal yield: 5 to 10 years,Percentage,14.19
1997/08,KBP2002M,Yield on bonds traded on the stock exchange: Government      bonds - Nominal yield: 5 to 10 years,Percentage,14.15
1997/09,KBP2002M,Yield on bonds traded on the stock exchange: Government      bonds - Nominal yield: 5 to 10 years,Percentage,14.07
1997/10,KBP2002M,Yield on bonds traded on the stock exchange: Government      bonds - Nominal yield: 5 to 10 years,Percentage,13.94
1997/11,KBP2002M,Yield on bonds traded on the stock exchange: Government      bonds - Nominal yield: 5 to 10 years,Percentage,14.43
1997/12,KBP2002M,Yield on bonds traded on the stock exchange: Government      bonds - Nominal yield: 5 to 10 years,Percentage,14.01
1998/01,KBP2002M,Yield on bonds traded on the stock exchange: Government      bonds - Nominal yield: 5 to 10 years,Percentage,13.52
1998/02,KBP2002M,Yield on bonds traded on the stock exchange: Government      bonds - Nominal yield: 5 to 10 years,Percentage,13.34
1998/03,KBP2002M,Yield on bonds traded on the stock exchange: Government      bonds - Nominal yield: 5 to 10 years,Percentage,13.08
1998/04,KBP2002M,Yield on bonds traded on the stock exchange: Government      bonds - Nominal yield: 5 to 10 years,Percentage,12.65
1998/05,KBP2002M,Yield on bonds traded on the stock exchange: Government      bonds - Nominal yield: 5 to 10 years,Percentage,13.18
1998/06,KBP2002M,Yield on bonds traded on the stock exchange: Government      bonds - Nominal yield: 5 to 10 years,Percentage,14.48
1998/07,KBP2002M,Yield on bonds traded on the stock exchange: Government      bonds - Nominal yield: 5 to 10 years,Percentage,15.93
1998/08,KBP2002M,Yield on bonds traded on the stock exchange: Government      bonds - Nominal yield: 5 to 10 years,Percentage,17.25
1998/09,KBP2002M,Yield on bonds traded on the stock exchange: Government      bonds - Nominal yield: 5 to 10 years,Percentage,18.38
1998/10,KBP2002M,Yield on bonds traded on the stock exchange: Government      bonds - Nominal yield: 5 to 10 years,Percentage,16.5
1998/11,KBP2002M,Yield on bonds traded on the stock exchange: Government      bonds - Nominal yield: 5 to 10 years,Percentage,16.02
1998/12,KBP2002M,Yield on bonds traded on the stock exchange: Government      bonds - Nominal yield: 5 to 10 years,Percentage,16.42
1999/01,KBP2002M,Yield on bonds traded on the stock exchange: Government      bonds - Nominal yield: 5 to 10 years,Percentage,16.26
1999/02,KBP2002M,Yield on bonds traded on the stock exchange: Government      bonds - Nominal yield: 5 to 10 years,Percentage,15.19
1999/03,KBP2002M,Yield on bonds traded on the stock exchange: Government      bonds - Nominal yield: 5 to 10 years,Percentage,14.71
1999/04,KBP2002M,Yield on bonds traded on the stock exchange: Government      bonds - Nominal yield: 5 to 10 years,Percentage,14.68
1999/05,KBP2002M,Yield on bonds traded on the stock exchange: Government      bonds - Nominal yield: 5 to 10 years,Percentage,15.21
1999/06,KBP2002M,Yield on bonds traded on the stock exchange: Government      bonds - Nominal yield: 5 to 10 years,Percentage,14.93
1999/07,KBP2002M,Yield on bonds traded on the stock exchange: Government      bonds - Nominal yield: 5 to 10 years,Percentage,14.79
1999/08,KBP2002M,Yield on bonds traded on the stock exchange: Government      bonds - Nominal yield: 5 to 10 years,Percentage,15.16
1999/09,KBP2002M,Yield on bonds traded on the stock exchange: Government      bonds - Nominal yield: 5 to 10 years,Percentage,15.12
1999/10,KBP2002M,Yield on bonds traded on the stock exchange: Government      bonds - Nominal yield: 5 to 10 years,Percentage,14.8
1999/11,KBP2002M,Yield on bonds traded on the stock exchange: Government      bonds - Nominal yield: 5 to 10 years,Percentage,14.23
1999/12,KBP2002M,Yield on bonds traded on the stock exchange: Government      bonds - Nominal yield: 5 to 10 years,Percentage,13.95
2000/01,KBP2002M,Yield on bonds traded on the stock exchange: Government      bonds - Nominal yield: 5 to 10 years,Percentage,13.43
2000/02,KBP2002M,Yield on bonds traded on the stock exchange: Government      bonds - Nominal yield: 5 to 10 years,Percentage,13.31
2000/03,KBP2002M,Yield on bonds traded on the stock exchange: Government      bonds - Nominal yield: 5 to 10 years,Percentage,13.75
2000/04,KBP2002M,Yield on bonds traded on the stock exchange: Government      bonds - Nominal yield: 5 to 10 years,Percentage,14.09
2000/05,KBP2002M,Yield on bonds traded on the stock exchange: Government      bonds - Nominal yield: 5 to 10 years,Percentage,14.62
2000/06,KBP2002M,Yield on bonds traded on the stock exchange: Government      bonds - Nominal yield: 5 to 10 years,Percentage,14.2
2000/07,KBP2002M,Yield on bonds traded on the stock exchange: Government      bonds - Nominal yield: 5 to 10 years,Percentage,13.7
2000/08,KBP2002M,Yield on bonds traded on the stock exchange: Government      bonds - Nominal yield: 5 to 10 years,Percentage,13.22
2000/09,KBP2002M,Yield on bonds traded on the stock exchange: Government      bonds - Nominal yield: 5 to 10 years,Percentage,13.42
2000/10,KBP2002M,Yield on bonds traded on the stock exchange: Government      bonds - Nominal yield: 5 to 10 years,Percentage,13.34
2000/11,KBP2002M,Yield on bonds traded on the stock exchange: Government      bonds - Nominal yield: 5 to 10 years,Percentage,13.05
2000/12,KBP2002M,Yield on bonds traded on the stock exchange: Government      bonds - Nominal yield: 5 to 10 years,Percentage,12.57
2001/01,KBP2002M,Yield on bonds traded on the stock exchange: Government      bonds - Nominal yield: 5 to 10 years,Percentage,12.61
2001/02,KBP2002M,Yield on bonds traded on the stock exchange: Government      bonds - Nominal yield: 5 to 10 years,Percentage,11.94
2001/03,KBP2002M,Yield on bonds traded on the stock exchange: Government      bonds - Nominal yield: 5 to 10 years,Percentage,11.82
2001/04,KBP2002M,Yield on bonds traded on the stock exchange: Government      bonds - Nominal yield: 5 to 10 years,Percentage,12.14
2001/05,KBP2002M,Yield on bonds traded on the stock exchange: Government      bonds - Nominal yield: 5 to 10 years,Percentage,11.9
2001/06,KBP2002M,Yield on bonds traded on the stock exchange: Government      bonds - Nominal yield: 5 to 10 years,Percentage,11.3
2001/07,KBP2002M,Yield on bonds traded on the stock exchange: Government      bonds - Nominal yield: 5 to 10 years,Percentage,10.92
2001/08,KBP2002M,Yield on bonds traded on the stock exchange: Government      bonds - Nominal yield: 5 to 10 years,Percentage,10.71
2001/09,KBP2002M,Yield on bonds traded on the stock exchange: Government      bonds - Nominal yield: 5 to 10 years,Percentage,10.77
2001/10,KBP2002M,Yield on bonds traded on the stock exchange: Government      bonds - Nominal yield: 5 to 10 years,Percentage,10.62
2001/11,KBP2002M,Yield on bonds traded on the stock exchange: Government      bonds - Nominal yield: 5 to 10 years,Percentage,10.19
2001/12,KBP2002M,Yield on bonds traded on the stock exchange: Government      bonds - Nominal yield: 5 to 10 years,Percentage,11.71
2002/01,KBP2002M,Yield on bonds traded on the stock exchange: Government      bonds - Nominal yield: 5 to 10 years,Percentage,11.63
2002/02,KBP2002M,Yield on bonds traded on the stock exchange: Government      bonds - Nominal yield: 5 to 10 years,Percentage,11.91
2002/03,KBP2002M,Yield on bonds traded on the stock exchange: Government      bonds - Nominal yield: 5 to 10 years,Percentage,12.67
2002/04,KBP2002M,Yield on bonds traded on the stock exchange: Government      bonds - Nominal yield: 5 to 10 years,Percentage,12.58
2002/05,KBP2002M,Yield on bonds traded on the stock exchange: Government      bonds - Nominal yield: 5 to 10 years,Percentage,11.87
2002/06,KBP2002M,Yield on bonds traded on the stock exchange: Government      bonds - Nominal yield: 5 to 10 years,Percentage,11.83
2002/07,KBP2002M,Yield on bonds traded on the stock exchange: Government      bonds - Nominal yield: 5 to 10 years,Percentage,11.42
2002/08,KBP2002M,Yield on bonds traded on the stock exchange: Government      bonds - Nominal yield: 5 to 10 years,Percentage,11.39
2002/09,KBP2002M,Yield on bonds traded on the stock exchange: Government      bonds - Nominal yield: 5 to 10 years,Percentage,11.76
2002/10,KBP2002M,Yield on bonds traded on the stock exchange: Government      bonds - Nominal yield: 5 to 10 years,Percentage,11.78
2002/11,KBP2002M,Yield on bonds traded on the stock exchange: Government      bonds - Nominal yield: 5 to 10 years,Percentage,11.16
2002/12,KBP2002M,Yield on bonds traded on the stock exchange: Government      bonds - Nominal yield: 5 to 10 years,Percentage,10.71
2003/01,KBP2002M,Yield on bonds traded on the stock exchange: Government      bonds - Nominal yield: 5 to 10 years,Percentage,10.54
2003/02,KBP2002M,Yield on bonds traded on the stock exchange: Government      bonds - Nominal yield: 5 to 10 years,Percentage,10.35
2003/03,KBP2002M,Yield on bonds traded on the stock exchange: Government      bonds - Nominal yield: 5 to 10 years,Percentage,10.31
2003/04,KBP2002M,Yield on bonds traded on the stock exchange: Government      bonds - Nominal yield: 5 to 10 years,Percentage,10.17
2003/05,KBP2002M,Yield on bonds traded on the stock exchange: Government      bonds - Nominal yield: 5 to 10 years,Percentage,9.87
2003/06,KBP2002M,Yield on bonds traded on the stock exchange: Government      bonds - Nominal yield: 5 to 10 years,Percentage,9.12
2003/07,KBP2002M,Yield on bonds traded on the stock exchange: Government      bonds - Nominal yield: 5 to 10 years,Percentage,9.32
2003/08,KBP2002M,Yield on bonds traded on the stock exchange: Government      bonds - Nominal yield: 5 to 10 years,Percentage,9.48
2003/09,KBP2002M,Yield on bonds traded on the stock exchange: Government      bonds - Nominal yield: 5 to 10 years,Percentage,9.43
2003/10,KBP2002M,Yield on bonds traded on the stock exchange: Government      bonds - Nominal yield: 5 to 10 years,Percentage,8.93
2003/11,KBP2002M,Yield on bonds traded on the stock exchange: Government      bonds - Nominal yield: 5 to 10 years,Percentage,8.96
2003/12,KBP2002M,Yield on bonds traded on the stock exchange: Government      bonds - Nominal yield: 5 to 10 years,Percentage,8.92
2004/01,KBP2002M,Yield on bonds traded on the stock exchange: Government      bonds - Nominal yield: 5 to 10 years,Percentage,9.12
2004/02,KBP2002M,Yield on bonds traded on the stock exchange: Government      bonds - Nominal yield: 5 to 10 years,Percentage,9.25
2004/03,KBP2002M,Yield on bonds traded on the stock exchange: Government      bonds - Nominal yield: 5 to 10 years,Percentage,9.42
2004/04,KBP2002M,Yield on bonds traded on the stock exchange: Government      bonds - Nominal yield: 5 to 10 years,Percentage,9.67
2004/05,KBP2002M,Yield on bonds traded on the stock exchange: Government      bonds - Nominal yield: 5 to 10 years,Percentage,10.04
2004/06,KBP2002M,Yield on bonds traded on the stock exchange: Government      bonds - Nominal yield: 5 to 10 years,Percentage,10.07
2004/07,KBP2002M,Yield on bonds traded on the stock exchange: Government      bonds - Nominal yield: 5 to 10 years,Percentage,9.69
2004/08,KBP2002M,Yield on bonds traded on the stock exchange: Government      bonds - Nominal yield: 5 to 10 years,Percentage,9.2
2004/09,KBP2002M,Yield on bonds traded on the stock exchange: Government      bonds - Nominal yield: 5 to 10 years,Percentage,8.75
2004/10,KBP2002M,Yield on bonds traded on the stock exchange: Government      bonds - Nominal yield: 5 to 10 years,Percentage,8.69
2004/11,KBP2002M,Yield on bonds traded on the stock exchange: Government      bonds - Nominal yield: 5 to 10 years,Percentage,8.44
2004/12,KBP2002M,Yield on bonds traded on the stock exchange: Government      bonds - Nominal yield: 5 to 10 years,Percentage,8.05
2005/01,KBP2002M,Yield on bonds traded on the stock exchange: Government      bonds - Nominal yield: 5 to 10 years,Percentage,7.93
2005/02,KBP2002M,Yield on bonds traded on the stock exchange: Government      bonds - Nominal yield: 5 to 10 years,Percentage,7.6
2005/03,KBP2002M,Yield on bonds traded on the stock exchange: Government      bonds - Nominal yield: 5 to 10 years,Percentage,8.05
2005/04,KBP2002M,Yield on bonds traded on the stock exchange: Government      bonds - Nominal yield: 5 to 10 years,Percentage,8.45
2005/05,KBP2002M,Yield on bonds traded on the stock exchange: Government      bonds - Nominal yield: 5 to 10 years,Percentage,8.4
2005/06,KBP2002M,Yield on bonds traded on the stock exchange: Government      bonds - Nominal yield: 5 to 10 years,Percentage,8.06
2005/07,KBP2002M,Yield on bonds traded on the stock exchange: Government      bonds - Nominal yield: 5 to 10 years,Percentage,8.09
2005/08,KBP2002M,Yield on bonds traded on the stock exchange: Government      bonds - Nominal yield: 5 to 10 years,Percentage,7.92
2005/09,KBP2002M,Yield on bonds traded on the stock exchange: Government      bonds - Nominal yield: 5 to 10 years,Percentage,8.07
2005/10,KBP2002M,Yield on bonds traded on the stock exchange: Government      bonds - Nominal yield: 5 to 10 years,Percentage,8.14
2005/11,KBP2002M,Yield on bonds traded on the stock exchange: Government      bonds - Nominal yield: 5 to 10 years,Percentage,7.93
2005/12,KBP2002M,Yield on bonds traded on the stock exchange: Government      bonds - Nominal yield: 5 to 10 years,Percentage,7.6
2006/01,KBP2002M,Yield on bonds traded on the stock exchange: Government      bonds - Nominal yield: 5 to 10 years,Percentage,7.41
2006/02,KBP2002M,Yield on bonds traded on the stock exchange: Government      bonds - Nominal yield: 5 to 10 years,Percentage,7.29
2006/03,KBP2002M,Yield on bonds traded on the stock exchange: Government      bonds - Nominal yield: 5 to 10 years,Percentage,7.42
2006/04,KBP2002M,Yield on bonds traded on the stock exchange: Government      bonds - Nominal yield: 5 to 10 years,Percentage,7.44
2006/05,KBP2002M,Yield on bonds traded on the stock exchange: Government      bonds - Nominal yield: 5 to 10 years,Percentage,7.63
2006/06,KBP2002M,Yield on bonds traded on the stock exchange: Government      bonds - Nominal yield: 5 to 10 years,Percentage,8.3
2006/07,KBP2002M,Yield on bonds traded on the stock exchange: Government      bonds - Nominal yield: 5 to 10 years,Percentage,8.59
2006/08,KBP2002M,Yield on bonds traded on the stock exchange: Government      bonds - Nominal yield: 5 to 10 years,Percentage,8.66
2006/09,KBP2002M,Yield on bonds traded on the stock exchange: Government      bonds - Nominal yield: 5 to 10 years,Percentage,8.72
2006/10,KBP2002M,Yield on bonds traded on the stock exchange: Government      bonds - Nominal yield: 5 to 10 years,Percentage,8.45
2006/11,KBP2002M,Yield on bonds traded on the stock exchange: Government      bonds - Nominal yield: 5 to 10 years,Percentage,8.01
2006/12,KBP2002M,Yield on bonds traded on the stock exchange: Government      bonds - Nominal yield: 5 to 10 years,Percentage,7.97
2007/01,KBP2002M,Yield on bonds traded on the stock exchange: Government      bonds - Nominal yield: 5 to 10 years,Percentage,7.8100000000000005
2007/02,KBP2002M,Yield on bonds traded on the stock exchange: Government      bonds - Nominal yield: 5 to 10 years,Percentage,7.65
2007/03,KBP2002M,Yield on bonds traded on the stock exchange: Government      bonds - Nominal yield: 5 to 10 years,Percentage,7.68
2007/04,KBP2002M,Yield on bonds traded on the stock exchange: Government      bonds - Nominal yield: 5 to 10 years,Percentage,7.72
2007/05,KBP2002M,Yield on bonds traded on the stock exchange: Government      bonds - Nominal yield: 5 to 10 years,Percentage,7.68
2007/06,KBP2002M,Yield on bonds traded on the stock exchange: Government      bonds - Nominal yield: 5 to 10 years,Percentage,8.22
2007/07,KBP2002M,Yield on bonds traded on the stock exchange: Government      bonds - Nominal yield: 5 to 10 years,Percentage,8.42
2007/08,KBP2002M,Yield on bonds traded on the stock exchange: Government      bonds - Nominal yield: 5 to 10 years,Percentage,8.52
2007/09,KBP2002M,Yield on bonds traded on the stock exchange: Government      bonds - Nominal yield: 5 to 10 years,Percentage,8.53
2007/10,KBP2002M,Yield on bonds traded on the stock exchange: Government      bonds - Nominal yield: 5 to 10 years,Percentage,8.2
2007/11,KBP2002M,Yield on bonds traded on the stock exchange: Government      bonds - Nominal yield: 5 to 10 years,Percentage,8.28
2007/12,KBP2002M,Yield on bonds traded on the stock exchange: Government      bonds - Nominal yield: 5 to 10 years,Percentage,8.46
2008/01,KBP2002M,Yield on bonds traded on the stock exchange: Government      bonds - Nominal yield: 5 to 10 years,Percentage,8.51
2008/02,KBP2002M,Yield on bonds traded on the stock exchange: Government      bonds - Nominal yield: 5 to 10 years,Percentage,8.78
2008/03,KBP2002M,Yield on bonds traded on the stock exchange: Government      bonds - Nominal yield: 5 to 10 years,Percentage,9.18
2008/04,KBP2002M,Yield on bonds traded on the stock exchange: Government      bonds - Nominal yield: 5 to 10 years,Percentage,9.22
2008/05,KBP2002M,Yield on bonds traded on the stock exchange: Government      bonds - Nominal yield: 5 to 10 years,Percentage,9.61
2008/06,KBP2002M,Yield on bonds traded on the stock exchange: Government      bonds - Nominal yield: 5 to 10 years,Percentage,10.42
2008/07,KBP2002M,Yield on bonds traded on the stock exchange: Government      bonds - Nominal yield: 5 to 10 years,Percentage,10.11
2008/08,KBP2002M,Yield on bonds traded on the stock exchange: Government      bonds - Nominal yield: 5 to 10 years,Percentage,9.24
2008/09,KBP2002M,Yield on bonds traded on the stock exchange: Government      bonds - Nominal yield: 5 to 10 years,Percentage,9.09
2008/10,KBP2002M,Yield on bonds traded on the stock exchange: Government      bonds - Nominal yield: 5 to 10 years,Percentage,9.24
2008/11,KBP2002M,Yield on bonds traded on the stock exchange: Government      bonds - Nominal yield: 5 to 10 years,Percentage,8.57
2008/12,KBP2002M,Yield on bonds traded on the stock exchange: Government      bonds - Nominal yield: 5 to 10 years,Percentage,7.8100000000000005
2009/01,KBP2002M,Yield on bonds traded on the stock exchange: Government      bonds - Nominal yield: 5 to 10 years,Percentage,7.5600000000000005
2009/02,KBP2002M,Yield on bonds traded on the stock exchange: Government      bonds - Nominal yield: 5 to 10 years,Percentage,7.8100000000000005
2009/03,KBP2002M,Yield on bonds traded on the stock exchange: Government      bonds - Nominal yield: 5 to 10 years,Percentage,7.9399999999999995
2009/04,KBP2002M,Yield on bonds traded on the stock exchange: Government      bonds - Nominal yield: 5 to 10 years,Percentage,8.03
2009/05,KBP2002M,Yield on bonds traded on the stock exchange: Government      bonds - Nominal yield: 5 to 10 years,Percentage,8.19
2009/06,KBP2002M,Yield on bonds traded on the stock exchange: Government      bonds - Nominal yield: 5 to 10 years,Percentage,8.36
2009/07,KBP2002M,Yield on bonds traded on the stock exchange: Government      bonds - Nominal yield: 5 to 10 years,Percentage,8.61
2009/08,KBP2002M,Yield on bonds traded on the stock exchange: Government      bonds - Nominal yield: 5 to 10 years,Percentage,8.29
2009/09,KBP2002M,Yield on bonds traded on the stock exchange: Government      bonds - Nominal yield: 5 to 10 years,Percentage,8.13
2009/10,KBP2002M,Yield on bonds traded on the stock exchange: Government      bonds - Nominal yield: 5 to 10 years,Percentage,8.5
2009/11,KBP2002M,Yield on bonds traded on the stock exchange: Government      bonds - Nominal yield: 5 to 10 years,Percentage,8.38
2009/12,KBP2002M,Yield on bonds traded on the stock exchange: Government      bonds - Nominal yield: 5 to 10 years,Percentage,8.39
2010/01,KBP2002M,Yield on bonds traded on the stock exchange: Government      bonds - Nominal yield: 5 to 10 years,Percentage,8.54
2010/02,KBP2002M,Yield on bonds traded on the stock exchange: Government      bonds - Nominal yield: 5 to 10 years,Percentage,8.31
2010/03,KBP2002M,Yield on bonds traded on the stock exchange: Government      bonds - Nominal yield: 5 to 10 years,Percentage,8.14
2010/04,KBP2002M,Yield on bonds traded on the stock exchange: Government      bonds - Nominal yield: 5 to 10 years,Percentage,7.85
2010/05,KBP2002M,Yield on bonds traded on the stock exchange: Government      bonds - Nominal yield: 5 to 10 years,Percentage,8.08
2010/06,KBP2002M,Yield on bonds traded on the stock exchange: Government      bonds - Nominal yield: 5 to 10 years,Percentage,8.01
2010/07,KBP2002M,Yield on bonds traded on the stock exchange: Government      bonds - Nominal yield: 5 to 10 years,Percentage,7.72
2010/08,KBP2002M,Yield on bonds traded on the stock exchange: Government      bonds - Nominal yield: 5 to 10 years,Percentage,7.39
2010/09,KBP2002M,Yield on bonds traded on the stock exchange: Government      bonds - Nominal yield: 5 to 10 years,Percentage,7.23
2010/10,KBP2002M,Yield on bonds traded on the stock exchange: Government      bonds - Nominal yield: 5 to 10 years,Percentage,7.22
2010/11,KBP2002M,Yield on bonds traded on the stock exchange: Government      bonds - Nominal yield: 5 to 10 years,Percentage,7.12
2010/12,KBP2002M,Yield on bonds traded on the stock exchange: Government      bonds - Nominal yield: 5 to 10 years,Percentage,7.41
2011/01,KBP2002M,Yield on bonds traded on the stock exchange: Government      bonds - Nominal yield: 5 to 10 years,Percentage,7.6
2011/02,KBP2002M,Yield on bonds traded on the stock exchange: Government      bonds - Nominal yield: 5 to 10 years,Percentage,7.8100000000000005
2011/03,KBP2002M,Yield on bonds traded on the stock exchange: Government      bonds - Nominal yield: 5 to 10 years,Percentage,7.82
2011/04,KBP2002M,Yield on bonds traded on the stock exchange: Government      bonds - Nominal yield: 5 to 10 years,Percentage,7.72
2011/05,KBP2002M,Yield on bonds traded on the stock exchange: Government      bonds - Nominal yield: 5 to 10 years,Percentage,7.59
2011/06,KBP2002M,Yield on bonds traded on the stock exchange: Government      bonds - Nominal yield: 5 to 10 years,Percentage,7.46
2011/07,KBP2002M,Yield on bonds traded on the stock exchange: Government      bonds - Nominal yield: 5 to 10 years,Percentage,7.45
2011/08,KBP2002M,Yield on bonds traded on the stock exchange: Government      bonds - Nominal yield: 5 to 10 years,Percentage,6.85
2011/09,KBP2002M,Yield on bonds traded on the stock exchange: Government      bonds - Nominal yield: 5 to 10 years,Percentage,7.95
2011/10,KBP2002M,Yield on bonds traded on the stock exchange: Government      bonds - Nominal yield: 5 to 10 years,Percentage,8.08
2011/11,KBP2002M,Yield on bonds traded on the stock exchange: Government      bonds - Nominal yield: 5 to 10 years,Percentage,8.03
2011/12,KBP2002M,Yield on bonds traded on the stock exchange: Government      bonds - Nominal yield: 5 to 10 years,Percentage,8.01
2012/01,KBP2002M,Yield on bonds traded on the stock exchange: Government      bonds - Nominal yield: 5 to 10 years,Percentage,7.93
2012/02,KBP2002M,Yield on bonds traded on the stock exchange: Government      bonds - Nominal yield: 5 to 10 years,Percentage,7.8
2012/03,KBP2002M,Yield on bonds traded on the stock exchange: Government      bonds - Nominal yield: 5 to 10 years,Percentage,7.9
2012/04,KBP2002M,Yield on bonds traded on the stock exchange: Government      bonds - Nominal yield: 5 to 10 years,Percentage,7.79
2012/05,KBP2002M,Yield on bonds traded on the stock exchange: Government      bonds - Nominal yield: 5 to 10 years,Percentage,7.67
2012/06,KBP2002M,Yield on bonds traded on the stock exchange: Government      bonds - Nominal yield: 5 to 10 years,Percentage,7.5
2012/07,KBP2002M,Yield on bonds traded on the stock exchange: Government      bonds - Nominal yield: 5 to 10 years,Percentage,6.84
2012/08,KBP2002M,Yield on bonds traded on the stock exchange: Government      bonds - Nominal yield: 5 to 10 years,Percentage,6.76
2012/09,KBP2002M,Yield on bonds traded on the stock exchange: Government      bonds - Nominal yield: 5 to 10 years,Percentage,6.6
2012/10,KBP2002M,Yield on bonds traded on the stock exchange: Government      bonds - Nominal yield: 5 to 10 years,Percentage,6.72
2012/11,KBP2002M,Yield on bonds traded on the stock exchange: Government      bonds - Nominal yield: 5 to 10 years,Percentage,6.66
2012/12,KBP2002M,Yield on bonds traded on the stock exchange: Government      bonds - Nominal yield: 5 to 10 years,Percentage,6.5
2013/01,KBP2002M,Yield on bonds traded on the stock exchange: Government      bonds - Nominal yield: 5 to 10 years,Percentage,6.39
2013/02,KBP2002M,Yield on bonds traded on the stock exchange: Government      bonds - Nominal yield: 5 to 10 years,Percentage,6.4
2013/03,KBP2002M,Yield on bonds traded on the stock exchange: Government      bonds - Nominal yield: 5 to 10 years,Percentage,6.49
2013/04,KBP2002M,Yield on bonds traded on the stock exchange: Government      bonds - Nominal yield: 5 to 10 years,Percentage,6.19
2013/05,KBP2002M,Yield on bonds traded on the stock exchange: Government      bonds - Nominal yield: 5 to 10 years,Percentage,6.09
2013/06,KBP2002M,Yield on bonds traded on the stock exchange: Government      bonds - Nominal yield: 5 to 10 years,Percentage,7.41
2013/07,KBP2002M,Yield on bonds traded on the stock exchange: Government      bonds - Nominal yield: 5 to 10 years,Percentage,7.41
2013/08,KBP2002M,Yield on bonds traded on the stock exchange: Government      bonds - Nominal yield: 5 to 10 years,Percentage,7.74
2013/09,KBP2002M,Yield on bonds traded on the stock exchange: Government      bonds - Nominal yield: 5 to 10 years,Percentage,7.59
2013/10,KBP2002M,Yield on bonds traded on the stock exchange: Government      bonds - Nominal yield: 5 to 10 years,Percentage,7.26
2013/11,KBP2002M,Yield on bonds traded on the stock exchange: Government      bonds - Nominal yield: 5 to 10 years,Percentage,7.5600000000000005
2013/12,KBP2002M,Yield on bonds traded on the stock exchange: Government      bonds - Nominal yield: 5 to 10 years,Percentage,7.73
2014/01,KBP2002M,Yield on bonds traded on the stock exchange: Government      bonds - Nominal yield: 5 to 10 years,Percentage,8.03
2014/02,KBP2002M,Yield on bonds traded on the stock exchange: Government      bonds - Nominal yield: 5 to 10 years,Percentage,8.4
2014/03,KBP2002M,Yield on bonds traded on the stock exchange: Government      bonds - Nominal yield: 5 to 10 years,Percentage,8.3
2014/04,KBP2002M,Yield on bonds traded on the stock exchange: Government      bonds - Nominal yield: 5 to 10 years,Percentage,8.15
2014/05,KBP2002M,Yield on bonds traded on the stock exchange: Government      bonds - Nominal yield: 5 to 10 years,Percentage,7.83
2014/06,KBP2002M,Yield on bonds traded on the stock exchange: Government      bonds - Nominal yield: 5 to 10 years,Percentage,7.97
2014/07,KBP2002M,Yield on bonds traded on the stock exchange: Government      bonds - Nominal yield: 5 to 10 years,Percentage,7.88
2014/08,KBP2002M,Yield on bonds traded on the stock exchange: Government      bonds - Nominal yield: 5 to 10 years,Percentage,7.79
2014/09,KBP2002M,Yield on bonds traded on the stock exchange: Government      bonds - Nominal yield: 5 to 10 years,Percentage,7.64
2014/10,KBP2002M,Yield on bonds traded on the stock exchange: Government      bonds - Nominal yield: 5 to 10 years,Percentage,7.65
2014/11,KBP2002M,Yield on bonds traded on the stock exchange: Government      bonds - Nominal yield: 5 to 10 years,Percentage,7.35
2014/12,KBP2002M,Yield on bonds traded on the stock exchange: Government      bonds - Nominal yield: 5 to 10 years,Percentage,7.39
2015/01,KBP2002M,Yield on bonds traded on the stock exchange: Government      bonds - Nominal yield: 5 to 10 years,Percentage,6.96
2015/02,KBP2002M,Yield on bonds traded on the stock exchange: Government      bonds - Nominal yield: 5 to 10 years,Percentage,7.02
2015/03,KBP2002M,Yield on bonds traded on the stock exchange: Government      bonds - Nominal yield: 5 to 10 years,Percentage,7.37
2015/04,KBP2002M,Yield on bonds traded on the stock exchange: Government      bonds - Nominal yield: 5 to 10 years,Percentage,7.4
2015/05,KBP2002M,Yield on bonds traded on the stock exchange: Government      bonds - Nominal yield: 5 to 10 years,Percentage,7.68
2015/06,KBP2002M,Yield on bonds traded on the stock exchange: Government      bonds - Nominal yield: 5 to 10 years,Percentage,7.96
2015/07,KBP2002M,Yield on bonds traded on the stock exchange: Government      bonds - Nominal yield: 5 to 10 years,Percentage,7.84
2015/08,KBP2002M,Yield on bonds traded on the stock exchange: Government      bonds - Nominal yield: 5 to 10 years,Percentage,7.9
2015/09,KBP2002M,Yield on bonds traded on the stock exchange: Government      bonds - Nominal yield: 5 to 10 years,Percentage,8.11
2015/10,KBP2002M,Yield on bonds traded on the stock exchange: Government      bonds - Nominal yield: 5 to 10 years,Percentage,7.84
2015/11,KBP2002M,Yield on bonds traded on the stock exchange: Government      bonds - Nominal yield: 5 to 10 years,Percentage,8.03
2015/12,KBP2002M,Yield on bonds traded on the stock exchange: Government      bonds - Nominal yield: 5 to 10 years,Percentage,8.82
2016/01,KBP2002M,Yield on bonds traded on the stock exchange: Government      bonds - Nominal yield: 5 to 10 years,Percentage,9.5
2016/02,KBP2002M,Yield on bonds traded on the stock exchange: Government      bonds - Nominal yield: 5 to 10 years,Percentage,9.08
2016/03,KBP2002M,Yield on bonds traded on the stock exchange: Government      bonds - Nominal yield: 5 to 10 years,Percentage,9.13
2016/04,KBP2002M,Yield on bonds traded on the stock exchange: Government      bonds - Nominal yield: 5 to 10 years,Percentage,8.91
2016/05,KBP2002M,Yield on bonds traded on the stock exchange: Government      bonds - Nominal yield: 5 to 10 years,Percentage,9.04
2016/06,KBP2002M,Yield on bonds traded on the stock exchange: Government      bonds - Nominal yield: 5 to 10 years,Percentage,8.8
2016/07,KBP2002M,Yield on bonds traded on the stock exchange: Government      bonds - Nominal yield: 5 to 10 years,Percentage,8.45
2016/08,KBP2002M,Yield on bonds traded on the stock exchange: Government      bonds - Nominal yield: 5 to 10 years,Percentage,8.36
2016/09,KBP2002M,Yield on bonds traded on the stock exchange: Government      bonds - Nominal yield: 5 to 10 years,Percentage,8.38
2016/10,KBP2002M,Yield on bonds traded on the stock exchange: Government      bonds - Nominal yield: 5 to 10 years,Percentage,8.45
2016/11,KBP2002M,Yield on bonds traded on the stock exchange: Government      bonds - Nominal yield: 5 to 10 years,Percentage,8.57
2016/12,KBP2002M,Yield on bonds traded on the stock exchange: Government      bonds - Nominal yield: 5 to 10 years,Percentage,8.69
2017/01,KBP2002M,Yield on bonds traded on the stock exchange: Government      bonds - Nominal yield: 5 to 10 years,Percentage,8.42
2017/02,KBP2002M,Yield on bonds traded on the stock exchange: Government      bonds - Nominal yield: 5 to 10 years,Percentage,8.33
2017/03,KBP2002M,Yield on bonds traded on the stock exchange: Government      bonds - Nominal yield: 5 to 10 years,Percentage,8.16
2017/04,KBP2002M,Yield on bonds traded on the stock exchange: Government      bonds - Nominal yield: 5 to 10 years,Percentage,8.22
2017/05,KBP2002M,Yield on bonds traded on the stock exchange: Government      bonds - Nominal yield: 5 to 10 years,Percentage,8.05
2017/06,KBP2002M,Yield on bonds traded on the stock exchange: Government      bonds - Nominal yield: 5 to 10 years,Percentage,7.91
2017/07,KBP2002M,Yield on bonds traded on the stock exchange: Government      bonds - Nominal yield: 5 to 10 years,Percentage,8.05
2017/08,KBP2002M,Yield on bonds traded on the stock exchange: Government      bonds - Nominal yield: 5 to 10 years,Percentage,7.88
2017/09,KBP2002M,Yield on bonds traded on the stock exchange: Government      bonds - Nominal yield: 5 to 10 years,Percentage,7.75
2017/10,KBP2002M,Yield on bonds traded on the stock exchange: Government      bonds - Nominal yield: 5 to 10 years,Percentage,8.13
2017/11,KBP2002M,Yield on bonds traded on the stock exchange: Government      bonds - Nominal yield: 5 to 10 years,Percentage,8.62
2017/12,KBP2002M,Yield on bonds traded on the stock exchange: Government      bonds - Nominal yield: 5 to 10 years,Percentage,8.43
2018/01,KBP2002M,Yield on bonds traded on the stock exchange: Government      bonds - Nominal yield: 5 to 10 years,Percentage,7.79
2018/02,KBP2002M,Yield on bonds traded on the stock exchange: Government      bonds - Nominal yield: 5 to 10 years,Percentage,7.58
2018/03,KBP2002M,Yield on bonds traded on the stock exchange: Government      bonds - Nominal yield: 5 to 10 years,Percentage,7.41
2018/04,KBP2002M,Yield on bonds traded on the stock exchange: Government      bonds - Nominal yield: 5 to 10 years,Percentage,7.53
2018/05,KBP2002M,Yield on bonds traded on the stock exchange: Government      bonds - Nominal yield: 5 to 10 years,Percentage,7.83
2018/06,KBP2002M,Yield on bonds traded on the stock exchange: Government      bonds - Nominal yield: 5 to 10 years,Percentage,8.24
2018/07,KBP2002M,Yield on bonds traded on the stock exchange: Government      bonds - Nominal yield: 5 to 10 years,Percentage,8.12
2018/08,KBP2002M,Yield on bonds traded on the stock exchange: Government      bonds - Nominal yield: 5 to 10 years,Percentage,8.31
2018/09,KBP2002M,Yield on bonds traded on the stock exchange: Government      bonds - Nominal yield: 5 to 10 years,Percentage,9.13
2018/10,KBP2002M,Yield on bonds traded on the stock exchange: Government      bonds - Nominal yield: 5 to 10 years,Percentage,9.21
2018/11,KBP2002M,Yield on bonds traded on the stock exchange: Government      bonds - Nominal yield: 5 to 10 years,Percentage,9.1
2018/12,KBP2002M,Yield on bonds traded on the stock exchange: Government      bonds - Nominal yield: 5 to 10 years,Percentage,9.04
2019/01,KBP2002M,Yield on bonds traded on the stock exchange: Government      bonds - Nominal yield: 5 to 10 years,Percentage,8.79
2019/02,KBP2002M,Yield on bonds traded on the stock exchange: Government      bonds - Nominal yield: 5 to 10 years,Percentage,8.74
2019/03,KBP2002M,Yield on bonds traded on the stock exchange: Government      bonds - Nominal yield: 5 to 10 years,Percentage,8.7
2019/04,KBP2002M,Yield on bonds traded on the stock exchange: Government      bonds - Nominal yield: 5 to 10 years,Percentage,8.51
2019/05,KBP2002M,Yield on bonds traded on the stock exchange: Government      bonds - Nominal yield: 5 to 10 years,Percentage,8.46
2019/06,KBP2002M,Yield on bonds traded on the stock exchange: Government      bonds - Nominal yield: 5 to 10 years,Percentage,8.3
2019/07,KBP2002M,Yield on bonds traded on the stock exchange: Government      bonds - Nominal yield: 5 to 10 years,Percentage,8.12
2019/08,KBP2002M,Yield on bonds traded on the stock exchange: Government      bonds - Nominal yield: 5 to 10 years,Percentage,8.34
2019/09,KBP2002M,Yield on bonds traded on the stock exchange: Government      bonds - Nominal yield: 5 to 10 years,Percentage,8.19
2019/10,KBP2002M,Yield on bonds traded on the stock exchange: Government      bonds - Nominal yield: 5 to 10 years,Percentage,8.25
2019/11,KBP2002M,Yield on bonds traded on the stock exchange: Government      bonds - Nominal yield: 5 to 10 years,Percentage,8.42
2019/12,KBP2002M,Yield on bonds traded on the stock exchange: Government      bonds - Nominal yield: 5 to 10 years,Percentage,8.37
2020/01,KBP2002M,Yield on bonds traded on the stock exchange: Government      bonds - Nominal yield: 5 to 10 years,Percentage,8.16
2020/02,KBP2002M,Yield on bonds traded on the stock exchange: Government      bonds - Nominal yield: 5 to 10 years,Percentage,8.86
2020/03,KBP2002M,Yield on bonds traded on the stock exchange: Government      bonds - Nominal yield: 5 to 10 years,Percentage,10.39
2020/04,KBP2002M,Yield on bonds traded on the stock exchange: Government      bonds - Nominal yield: 5 to 10 years,Percentage,10.72
2020/05,KBP2002M,Yield on bonds traded on the stock exchange: Government      bonds - Nominal yield: 5 to 10 years,Percentage,9.33
2020/06,KBP2002M,Yield on bonds traded on the stock exchange: Government      bonds - Nominal yield: 5 to 10 years,Percentage,9.06
2020/07,KBP2002M,Yield on bonds traded on the stock exchange: Government      bonds - Nominal yield: 5 to 10 years,Percentage,9.39
2020/08,KBP2002M,Yield on bonds traded on the stock exchange: Government      bonds - Nominal yield: 5 to 10 years,Percentage,9.27
2020/09,KBP2002M,Yield on bonds traded on the stock exchange: Government      bonds - Nominal yield: 5 to 10 years,Percentage,9.28
2020/10,KBP2002M,Yield on bonds traded on the stock exchange: Government      bonds - Nominal yield: 5 to 10 years,Percentage,9.36
2020/11,KBP2002M,Yield on bonds traded on the stock exchange: Government      bonds - Nominal yield: 5 to 10 years,Percentage,8.91
2020/12,KBP2002M,Yield on bonds traded on the stock exchange: Government      bonds - Nominal yield: 5 to 10 years,Percentage,8.86
2021/01,KBP2002M,Yield on bonds traded on the stock exchange: Government      bonds - Nominal yield: 5 to 10 years,Percentage,8.75
2021/02,KBP2002M,Yield on bonds traded on the stock exchange: Government      bonds - Nominal yield: 5 to 10 years,Percentage,8.66
2021/03,KBP2002M,Yield on bonds traded on the stock exchange: Government      bonds - Nominal yield: 5 to 10 years,Percentage,9.34
2021/04,KBP2002M,Yield on bonds traded on the stock exchange: Government      bonds - Nominal yield: 5 to 10 years,Percentage,9.23
2021/05,KBP2002M,Yield on bonds traded on the stock exchange: Government      bonds - Nominal yield: 5 to 10 years,Percentage,9.02
2021/06,KBP2002M,Yield on bonds traded on the stock exchange: Government      bonds - Nominal yield: 5 to 10 years,Percentage,8.85
2021/07,KBP2002M,Yield on bonds traded on the stock exchange: Government      bonds - Nominal yield: 5 to 10 years,Percentage,8.91
2021/08,KBP2002M,Yield on bonds traded on the stock exchange: Government      bonds - Nominal yield: 5 to 10 years,Percentage,8.86
2021/09,KBP2002M,Yield on bonds traded on the stock exchange: Government      bonds - Nominal yield: 5 to 10 years,Percentage,8.99
2021/10,KBP2002M,Yield on bonds traded on the stock exchange: Government      bonds - Nominal yield: 5 to 10 years,Percentage,9.47
2021/11,KBP2002M,Yield on bonds traded on the stock exchange: Government      bonds - Nominal yield: 5 to 10 years,Percentage,9.56
2021/12,KBP2002M,Yield on bonds traded on the stock exchange: Government      bonds - Nominal yield: 5 to 10 years,Percentage,9.5
2022/01,KBP2002M,Yield on bonds traded on the stock exchange: Government      bonds - Nominal yield: 5 to 10 years,Percentage,9.36
2022/02,KBP2002M,Yield on bonds traded on the stock exchange: Government      bonds - Nominal yield: 5 to 10 years,Percentage,9.23
2022/03,KBP2002M,Yield on bonds traded on the stock exchange: Government      bonds - Nominal yield: 5 to 10 years,Percentage,9.73
2022/04,KBP2002M,Yield on bonds traded on the stock exchange: Government      bonds - Nominal yield: 5 to 10 years,Percentage,9.74
2022/05,KBP2002M,Yield on bonds traded on the stock exchange: Government      bonds - Nominal yield: 5 to 10 years,Percentage,9.91
2022/06,KBP2002M,Yield on bonds traded on the stock exchange: Government      bonds - Nominal yield: 5 to 10 years,Percentage,10.18
2022/07,KBP2002M,Yield on bonds traded on the stock exchange: Government      bonds - Nominal yield: 5 to 10 years,Percentage,10.7
2022/08,KBP2002M,Yield on bonds traded on the stock exchange: Government      bonds - Nominal yield: 5 to 10 years,Percentage,10.19
2022/09,KBP2002M,Yield on bonds traded on the stock exchange: Government      bonds - Nominal yield: 5 to 10 years,Percentage,10.52
2022/10,KBP2002M,Yield on bonds traded on the stock exchange: Government      bonds - Nominal yield: 5 to 10 years,Percentage,10.79
2022/11,KBP2002M,Yield on bonds traded on the stock exchange: Government      bonds - Nominal yield: 5 to 10 years,Percentage,10.39
2022/12,KBP2002M,Yield on bonds traded on the stock exchange: Government      bonds - Nominal yield: 5 to 10 years,Percentage,10.44
2023/01,KBP2002M,Yield on bonds traded on the stock exchange: Government      bonds - Nominal yield: 5 to 10 years,Percentage,9.79
2023/02,KBP2002M,Yield on bonds traded on the stock exchange: Government      bonds - Nominal yield: 5 to 10 years,Percentage,9.89
2023/03,KBP2002M,Yield on bonds traded on the stock exchange: Government      bonds - Nominal yield: 5 to 10 years,Percentage,10.03
2023/04,KBP2002M,Yield on bonds traded on the stock exchange: Government      bonds - Nominal yield: 5 to 10 years,Percentage,9.97
2023/05,KBP2002M,Yield on bonds traded on the stock exchange: Government      bonds - Nominal yield: 5 to 10 years,Percentage,10.78
2023/06,KBP2002M,Yield on bonds traded on the stock exchange: Government      bonds - Nominal yield: 5 to 10 years,Percentage,10.82
2023/07,KBP2002M,Yield on bonds traded on the stock exchange: Government      bonds - Nominal yield: 5 to 10 years,Percentage,10.41
2023/08,KBP2002M,Yield on bonds traded on the stock exchange: Government      bonds - Nominal yield: 5 to 10 years,Percentage,10.3
2023/09,KBP2002M,Yield on bonds traded on the stock exchange: Government      bonds - Nominal yield: 5 to 10 years,Percentage,10.52
2023/10,KBP2002M,Yield on bonds traded on the stock exchange: Government      bonds - Nominal yield: 5 to 10 years,Percentage,10.81
2023/11,KBP2002M,Yield on bonds traded on the stock exchange: Government      bonds - Nominal yield: 5 to 10 years,Percentage,10.21
2023/12,KBP2002M,Yield on bonds traded on the stock exchange: Government      bonds - Nominal yield: 5 to 10 years,Percentage,9.88
2024/01,KBP2002M,Yield on bonds traded on the stock exchange: Government      bonds - Nominal yield: 5 to 10 years,Percentage,9.74
2024/02,KBP2002M,Yield on bonds traded on the stock exchange: Government      bonds - Nominal yield: 5 to 10 years,Percentage,10.01
2024/03,KBP2002M,Yield on bonds traded on the stock exchange: Government      bonds - Nominal yield: 5 to 10 years,Percentage,10.29
2024/04,KBP2002M,Yield on bonds traded on the stock exchange: Government      bonds - Nominal yield: 5 to 10 years,Percentage,10.66
2024/05,KBP2002M,Yield on bonds traded on the stock exchange: Government      bonds - Nominal yield: 5 to 10 years,Percentage,10.47
2024/06,KBP2002M,Yield on bonds traded on the stock exchange: Government      bonds - Nominal yield: 5 to 10 years,Percentage,10.15
2024/07,KBP2002M,Yield on bonds traded on the stock exchange: Government      bonds - Nominal yield: 5 to 10 years,Percentage,9.63
2024/08,KBP2002M,Yield on bonds traded on the stock exchange: Government      bonds - Nominal yield: 5 to 10 years,Percentage,9.25
2024/09,KBP2002M,Yield on bonds traded on the stock exchange: Government      bonds - Nominal yield: 5 to 10 years,Percentage,8.93
2024/10,KBP2002M,Yield on bonds traded on the stock exchange: Government      bonds - Nominal yield: 5 to 10 years,Percentage,9.23
2024/11,KBP2002M,Yield on bonds traded on the stock exchange: Government      bonds - Nominal yield: 5 to 10 years,Percentage,9.15
2024/12,KBP2002M,Yield on bonds traded on the stock exchange: Government      bonds - Nominal yield: 5 to 10 years,Percentage,8.96
2025/01,KBP2002M,Yield on bonds traded on the stock exchange: Government      bonds - Nominal yield: 5 to 10 years,Percentage,9.1
2025/02,KBP2002M,Yield on bonds traded on the stock exchange: Government      bonds - Nominal yield: 5 to 10 years,Percentage,10.5
2025/03,KBP2002M,Yield on bonds traded on the stock exchange: Government      bonds - Nominal yield: 5 to 10 years,Percentage,10.57
2025/04,KBP2002M,Yield on bonds traded on the stock exchange: Government      bonds - Nominal yield: 5 to 10 years,Percentage,10.9
2025/05,KBP2002M,Yield on bonds traded on the stock exchange: Government      bonds - Nominal yield: 5 to 10 years,Percentage,10.48
2025/06,KBP2002M,Yield on bonds traded on the stock exchange: Government      bonds - Nominal yield: 5 to 10 years,Percentage,10.08
2025/07,KBP2002M,Yield on bonds traded on the stock exchange: Government      bonds - Nominal yield: 5 to 10 years,Percentage,9.84
2025/08,KBP2002M,Yield on bonds traded on the stock exchange: Government      bonds - Nominal yield: 5 to 10 years,Percentage,9.62
2025/09,KBP2002M,Yield on bonds traded on the stock exchange: Government      bonds - Nominal yield: 5 to 10 years,Percentage,9.32
2025/10,KBP2002M,Yield on bonds traded on the stock exchange: Government      bonds - Nominal yield: 5 to 10 years,Percentage,9.04
2025/11,KBP2002M,Yield on bonds traded on the stock exchange: Government      bonds - Nominal yield: 5 to 10 years,Percentage,8.68
2025/12,KBP2002M,Yield on bonds traded on the stock exchange: Government      bonds - Nominal yield: 5 to 10 years,Percentage,8.39
2026/01,KBP2002M,Yield on bonds traded on the stock exchange: Government      bonds - Nominal yield: 5 to 10 years,Percentage,8.23
2026/02,KBP2002M,Yield on bonds traded on the stock exchange: Government      bonds - Nominal yield: 5 to 10 years,Percentage,7.97
